"id"	"apptype"	"rank"	"name"	"link"	"created_at"	"updated_at"
1	"free"	1	"Facebook Messenger"	"http://www.appannie.com/apps/ios/app/facebook-messenger/"	"2015-03-31 17:34:18.089661"	"2015-03-31 17:34:21.513071"
2	"paid"	1	"Minecraft – Pocket Edition"	"http://www.appannie.com/apps/ios/app/minecraft-pocket-edition/"	"2015-03-31 17:34:18.139081"	"2015-03-31 17:34:21.526099"
3	"grossing"	1	"Clash of Clans"	"http://www.appannie.com/apps/ios/app/clash-of-clans/"	"2015-03-31 17:34:18.158073"	"2015-03-31 17:34:21.536162"
4	"free"	2	"Facebook"	"http://www.appannie.com/apps/ios/app/facebook/"	"2015-03-31 17:34:18.169922"	"2015-03-31 17:34:21.546129"
5	"paid"	2	"Five Nights at Freddy's 3"	"http://www.appannie.com/apps/ios/app/five-nights-at-freddys-3/"	"2015-03-31 17:34:18.187752"	"2015-03-31 17:34:21.556225"
6	"grossing"	2	"Game of War - Fire Age"	"http://www.appannie.com/apps/ios/app/game-of-war-fire-age/"	"2015-03-31 17:34:18.197121"	"2015-03-31 17:34:21.566478"
7	"free"	3	"YouTube"	"http://www.appannie.com/apps/ios/app/youtube/"	"2015-03-31 17:34:18.203351"	"2015-03-31 17:34:21.576335"
8	"paid"	3	"Heads Up!"	"http://www.appannie.com/apps/ios/app/heads-up/"	"2015-03-31 17:34:18.212789"	"2015-03-31 17:34:21.586301"
9	"grossing"	3	"Candy Crush Saga"	"http://www.appannie.com/apps/ios/app/candy-crush-saga/"	"2015-03-31 17:34:18.222191"	"2015-03-31 17:34:21.596307"
10	"free"	4	"Instagram"	"http://www.appannie.com/apps/ios/app/instagram/"	"2015-03-31 17:34:18.232605"	"2015-03-31 17:34:21.606496"
11	"paid"	4	"Enlight"	"http://www.appannie.com/apps/ios/app/enlight/"	"2015-03-31 17:34:18.241309"	"2015-03-31 17:34:21.617825"
12	"grossing"	4	"Candy Crush Soda Saga"	"http://www.appannie.com/apps/ios/app/candy-crush-soda-saga/"	"2015-03-31 17:34:18.250021"	"2015-03-31 17:34:21.647204"
13	"free"	5	"Snapchat"	"http://www.appannie.com/apps/ios/app/snapchat/"	"2015-03-31 17:34:18.259569"	"2015-03-31 17:34:21.658479"
14	"paid"	5	"Afterlight"	"http://www.appannie.com/apps/ios/app/573116090/"	"2015-03-31 17:34:18.268880"	"2015-03-31 17:34:21.669738"
15	"grossing"	5	"Big Fish Casino – Free Slots, Vegas Slots & Slot Tournaments! Plus Poker, Cards, 21 and more!"	"http://www.appannie.com/apps/ios/app/big-fish-casino-free-slots-vegas-slots-slot-tournaments-plus-poker-cards-21-and-more/"	"2015-03-31 17:34:18.283597"	"2015-03-31 17:34:21.678078"
16	"free"	6	"Pandora Radio"	"http://www.appannie.com/apps/ios/app/pandora-radio/"	"2015-03-31 17:34:18.294348"	"2015-03-31 17:34:21.686689"
17	"paid"	6	"Trivia Crack (Ad Free)"	"http://www.appannie.com/apps/ios/app/trivia-crack-ad-free/"	"2015-03-31 17:34:18.306062"	"2015-03-31 17:34:21.695881"
18	"grossing"	6	"Boom Beach"	"http://www.appannie.com/apps/ios/app/boom-beach/"	"2015-03-31 17:34:18.317248"	"2015-03-31 17:34:21.705114"
19	"free"	7	"Fast & Furious: Legacy"	"http://www.appannie.com/apps/ios/app/fast-furious-legacy/"	"2015-03-31 17:34:18.327263"	"2015-03-31 17:34:21.714676"
20	"paid"	7	"Facetune"	"http://www.appannie.com/apps/ios/app/facetune/"	"2015-03-31 17:34:18.338259"	"2015-03-31 17:34:21.723694"
21	"grossing"	7	"DoubleDown Casino - Free Slots, Video Poker, Blackjack, and More"	"http://www.appannie.com/apps/ios/app/doubledown-casino-free-slots-video-poker-blackjack-and-more/"	"2015-03-31 17:34:18.349414"	"2015-03-31 17:34:21.732275"
22	"free"	8	"iMovie"	"http://www.appannie.com/apps/ios/app/imovie/"	"2015-03-31 17:34:18.360075"	"2015-03-31 17:34:21.741617"
23	"paid"	8	"Five Nights at Freddy's"	"http://www.appannie.com/apps/ios/app/five-nights-at-freddys/"	"2015-03-31 17:34:18.370063"	"2015-03-31 17:34:21.752797"
24	"grossing"	8	"Hay Day"	"http://www.appannie.com/apps/ios/app/hay-day/"	"2015-03-31 17:34:18.380390"	"2015-03-31 17:34:21.762982"
25	"free"	9	"Pages"	"http://www.appannie.com/apps/ios/app/pages/"	"2015-03-31 17:34:18.391082"	"2015-03-31 17:34:21.773007"
26	"paid"	9	"NBA JAM by EA SPORTS™"	"http://www.appannie.com/apps/ios/app/nba-jam-by-ea-sports/"	"2015-03-31 17:34:18.400468"	"2015-03-31 17:34:21.782036"
27	"grossing"	9	"Spotify Music"	"http://www.appannie.com/apps/ios/app/spotify-music/"	"2015-03-31 17:34:18.410391"	"2015-03-31 17:34:21.792887"
28	"free"	10	"Numbers"	"http://www.appannie.com/apps/ios/app/numbers/"	"2015-03-31 17:34:18.419911"	"2015-03-31 17:34:21.802770"
29	"paid"	10	"NBA 2K15"	"http://www.appannie.com/apps/ios/app/nba-2k15/"	"2015-03-31 17:34:18.430583"	"2015-03-31 17:34:21.814393"
30	"grossing"	10	"Pandora Radio"	"http://www.appannie.com/apps/ios/app/pandora-radio/"	"2015-03-31 17:34:18.440407"	"2015-03-31 17:34:21.823339"
31	"free"	11	"iTunes U"	"http://www.appannie.com/apps/ios/app/itunes-u/"	"2015-03-31 17:34:18.449062"	"2015-03-31 17:34:21.833388"
32	"paid"	11	"Geometry Dash"	"http://www.appannie.com/apps/ios/app/geometry-dash/"	"2015-03-31 17:34:18.460469"	"2015-03-31 17:34:21.841960"
33	"grossing"	11	"Farm Heroes Saga"	"http://www.appannie.com/apps/ios/app/608206510/"	"2015-03-31 17:34:18.469928"	"2015-03-31 17:34:21.853741"
34	"free"	12	"Keynote"	"http://www.appannie.com/apps/ios/app/keynote/"	"2015-03-31 17:34:18.480703"	"2015-03-31 17:34:21.864813"
35	"paid"	12	"THE GAME OF LIFE Classic Edition"	"http://www.appannie.com/apps/ios/app/the-game-of-life-classic-edition/"	"2015-03-31 17:34:18.492004"	"2015-03-31 17:34:21.875717"
36	"grossing"	12	"Slotomania – Free video slots games! Spin & win coins with the Vegas casino experience"	"http://www.appannie.com/apps/ios/app/slotomania-free-video-slots-games-spin-win-coins-with-the-vegas-casino-experience/"	"2015-03-31 17:34:18.501345"	"2015-03-31 17:34:21.885288"
37	"free"	13	"GarageBand"	"http://www.appannie.com/apps/ios/app/408709785/"	"2015-03-31 17:34:18.509343"	"2015-03-31 17:34:21.894230"
38	"paid"	13	"Five Nights at Freddy's 2"	"http://www.appannie.com/apps/ios/app/five-nights-at-freddys-2/"	"2015-03-31 17:34:18.520683"	"2015-03-31 17:34:21.903757"
39	"grossing"	13	"Match™ - Dating App to Flirt, Chat and Meet Local Single Men and Women"	"http://www.appannie.com/apps/ios/app/matchtm-dating-app-to-flirt-chat-and-meet-local-single-men-and-women/"	"2015-03-31 17:34:18.530280"	"2015-03-31 17:34:21.914374"
40	"free"	14	"Google Maps"	"http://www.appannie.com/apps/ios/app/google-maps/"	"2015-03-31 17:34:18.540072"	"2015-03-31 17:34:21.924040"
41	"paid"	14	"Cut the Rope"	"http://www.appannie.com/apps/ios/app/cut-the-rope/"	"2015-03-31 17:34:18.548330"	"2015-03-31 17:34:21.933463"
42	"grossing"	14	"MARVEL Contest of Champions"	"http://www.appannie.com/apps/ios/app/896112560/"	"2015-03-31 17:34:18.558217"	"2015-03-31 17:34:21.946038"
43	"free"	15	"WhatsApp Messenger"	"http://www.appannie.com/apps/ios/app/whatsapp-messenger/"	"2015-03-31 17:34:18.568194"	"2015-03-31 17:34:21.955836"
44	"paid"	15	"7 Minute Workout Challenge"	"http://www.appannie.com/apps/ios/app/7-minute-workout-challenge/"	"2015-03-31 17:34:18.578274"	"2015-03-31 17:34:21.967425"
45	"grossing"	15	"myVEGAS Slots - Free Las Vegas Casino"	"http://www.appannie.com/apps/ios/app/myvegas-slots-free-las-vegas-casino/"	"2015-03-31 17:34:18.588209"	"2015-03-31 17:34:21.977681"
46	"free"	16	"Spotify Music"	"http://www.appannie.com/apps/ios/app/spotify-music/"	"2015-03-31 17:34:18.596863"	"2015-03-31 17:34:21.988191"
47	"paid"	16	"Videoshop - Video Editor"	"http://www.appannie.com/apps/ios/app/videoshop-video-editor/"	"2015-03-31 17:34:18.605301"	"2015-03-31 17:34:21.998279"
48	"grossing"	16	"Zoosk - #1 Dating App"	"http://www.appannie.com/apps/ios/app/zoosk-1-dating-app/"	"2015-03-31 17:34:18.615158"	"2015-03-31 17:34:22.007768"
49	"free"	17	"Dubsmash"	"http://www.appannie.com/apps/ios/app/dubsmash/"	"2015-03-31 17:34:18.627692"	"2015-03-31 17:34:22.017413"
50	"paid"	17	"Swype"	"http://www.appannie.com/apps/ios/app/916365675/"	"2015-03-31 17:34:18.638149"	"2015-03-31 17:34:22.026083"
51	"grossing"	17	"Kim Kardashian: Hollywood"	"http://www.appannie.com/apps/ios/app/kim-kardashian-hollywood/"	"2015-03-31 17:34:18.648905"	"2015-03-31 17:34:22.034677"
52	"free"	18	"Pinterest"	"http://www.appannie.com/apps/ios/app/pinterest/"	"2015-03-31 17:34:18.659576"	"2015-03-31 17:34:22.044407"
53	"paid"	18	"Sleep Cycle alarm clock"	"http://www.appannie.com/apps/ios/app/sleep-cycle-alarm-clock/"	"2015-03-31 17:34:18.668916"	"2015-03-31 17:34:22.053724"
54	"grossing"	18	"Summoners War"	"http://www.appannie.com/apps/ios/app/summoners-war/"	"2015-03-31 17:34:18.682504"	"2015-03-31 17:34:22.062727"
55	"free"	19	"Twitter"	"http://www.appannie.com/apps/ios/app/333903271/"	"2015-03-31 17:34:18.692522"	"2015-03-31 17:34:22.071402"
56	"paid"	19	"Bloons TD 5"	"http://www.appannie.com/apps/ios/app/bloons-td-5/"	"2015-03-31 17:34:18.703206"	"2015-03-31 17:34:22.082408"
57	"grossing"	19	"Bubble Witch 2 Saga"	"http://www.appannie.com/apps/ios/app/bubble-witch-2-saga/"	"2015-03-31 17:34:18.711734"	"2015-03-31 17:34:22.092910"
58	"free"	20	"Trivia Crack"	"http://www.appannie.com/apps/ios/app/trivia-crack/"	"2015-03-31 17:34:18.720948"	"2015-03-31 17:34:22.102988"
59	"paid"	20	"Plague Inc."	"http://www.appannie.com/apps/ios/app/plague-inc/"	"2015-03-31 17:34:18.732528"	"2015-03-31 17:34:22.170234"
60	"grossing"	20	"Heroes Charge"	"http://www.appannie.com/apps/ios/app/heroes-charge/"	"2015-03-31 17:34:18.741999"	"2015-03-31 17:34:22.193233"
61	"free"	21	"Netflix"	"http://www.appannie.com/apps/ios/app/netflix/"	"2015-03-31 17:34:18.751986"	"2015-03-31 17:34:22.212672"
62	"paid"	21	"Filters for iPhone"	"http://www.appannie.com/apps/ios/app/filters-for-iphone/"	"2015-03-31 17:34:18.761311"	"2015-03-31 17:34:22.226786"
63	"grossing"	21	"Cookie Jam"	"http://www.appannie.com/apps/ios/app/cookie-jam/"	"2015-03-31 17:34:18.770978"	"2015-03-31 17:34:22.239222"
64	"free"	22	"Kik"	"http://www.appannie.com/apps/ios/app/357218860/"	"2015-03-31 17:34:18.782066"	"2015-03-31 17:34:22.249214"
65	"paid"	22	"Scholly: Scholarship Search"	"http://www.appannie.com/apps/ios/app/scholly-scholarship-search/"	"2015-03-31 17:34:18.791779"	"2015-03-31 17:34:22.258306"
66	"grossing"	22	"8 Ball Pool™"	"http://www.appannie.com/apps/ios/app/8-ball-pooltm/"	"2015-03-31 17:34:18.801205"	"2015-03-31 17:34:22.269154"
67	"free"	23	"Gmail - email from Google"	"http://www.appannie.com/apps/ios/app/gmail-email-from-google/"	"2015-03-31 17:34:18.809914"	"2015-03-31 17:34:22.278271"
68	"paid"	23	"Color Splash"	"http://www.appannie.com/apps/ios/app/color-splash/"	"2015-03-31 17:34:18.818262"	"2015-03-31 17:34:22.288577"
69	"grossing"	23	"SimCity BuildIt"	"http://www.appannie.com/apps/ios/app/simcity-buildit/"	"2015-03-31 17:34:18.828401"	"2015-03-31 17:34:22.297431"
70	"free"	24	"TIDAL"	"http://www.appannie.com/apps/ios/app/913943275/"	"2015-03-31 17:34:18.855155"	"2015-03-31 17:34:22.305850"
71	"paid"	24	"Terraria"	"http://www.appannie.com/apps/ios/app/640364616/"	"2015-03-31 17:34:18.864184"	"2015-03-31 17:34:22.317258"
72	"grossing"	24	"Family Guy: The Quest for Stuff"	"http://www.appannie.com/apps/ios/app/838500730/"	"2015-03-31 17:34:18.872251"	"2015-03-31 17:34:22.327324"
73	"free"	25	"Google"	"http://www.appannie.com/apps/ios/app/284815942/"	"2015-03-31 17:34:18.882062"	"2015-03-31 17:34:22.336642"
74	"paid"	25	"Emoji ;)"	"http://www.appannie.com/apps/ios/app/506462353/"	"2015-03-31 17:34:18.891348"	"2015-03-31 17:34:22.345817"
75	"grossing"	25	"Pet Rescue Saga"	"http://www.appannie.com/apps/ios/app/pet-rescue-saga/"	"2015-03-31 17:34:18.900849"	"2015-03-31 17:34:22.355885"
76	"free"	26	"Mr Jump"	"http://www.appannie.com/apps/ios/app/955157084/"	"2015-03-31 17:34:18.909767"	"2015-03-31 17:34:22.367234"
77	"paid"	26	"MONOPOLY Game"	"http://www.appannie.com/apps/ios/app/337021781/"	"2015-03-31 17:34:18.920020"	"2015-03-31 17:34:22.377816"
78	"grossing"	26	"The Sims™ FreePlay"	"http://www.appannie.com/apps/ios/app/the-simstm-freeplay/"	"2015-03-31 17:34:18.931965"	"2015-03-31 17:34:22.387585"
79	"free"	27	"Find My iPhone"	"http://www.appannie.com/apps/ios/app/find-my-iphone/"	"2015-03-31 17:34:18.941432"	"2015-03-31 17:34:22.397685"
80	"paid"	27	"My Baby's Beat - Hear baby heartbeat sound"	"http://www.appannie.com/apps/ios/app/my-babys-beat-hear-baby-heartbeat-sound/"	"2015-03-31 17:34:18.951176"	"2015-03-31 17:34:22.410528"
81	"grossing"	27	"FarmVille 2: Country Escape"	"http://www.appannie.com/apps/ios/app/farmville-2-country-escape/"	"2015-03-31 17:34:18.960253"	"2015-03-31 17:34:22.421734"
82	"free"	28	"Skype for iPhone"	"http://www.appannie.com/apps/ios/app/skype-for-iphone/"	"2015-03-31 17:34:18.970268"	"2015-03-31 17:34:22.431989"
83	"paid"	28	"Emoji Keypad - New Emojis and Color Keyboard for iOS 8"	"http://www.appannie.com/apps/ios/app/emoji-keypad-new-emojis-and-color-keyboard-for-ios-8/"	"2015-03-31 17:34:18.980794"	"2015-03-31 17:34:22.441607"
84	"grossing"	28	"Gummy Drop! Best Free Candy Match 3 Puzzle Game!"	"http://www.appannie.com/apps/ios/app/gummy-drop-best-free-candy-match-3-puzzle-game/"	"2015-03-31 17:34:19.015887"	"2015-03-31 17:34:22.451578"
85	"free"	29	"Curio Quest"	"http://www.appannie.com/apps/ios/app/curio-quest/"	"2015-03-31 17:34:19.025832"	"2015-03-31 17:34:22.463112"
86	"paid"	29	"HotSchedules"	"http://www.appannie.com/apps/ios/app/hotschedules/"	"2015-03-31 17:34:19.036446"	"2015-03-31 17:34:22.474356"
87	"grossing"	29	"Minecraft – Pocket Edition"	"http://www.appannie.com/apps/ios/app/minecraft-pocket-edition/"	"2015-03-31 17:34:19.044307"	"2015-03-31 17:34:22.483771"
88	"free"	30	"Candy Crush Soda Saga"	"http://www.appannie.com/apps/ios/app/candy-crush-soda-saga/"	"2015-03-31 17:34:19.053520"	"2015-03-31 17:34:22.494163"
89	"paid"	30	"Akinator the Genie"	"http://www.appannie.com/apps/ios/app/akinator-the-genie/"	"2015-03-31 17:34:19.062096"	"2015-03-31 17:34:22.505042"
90	"grossing"	30	"Skype for iPhone"	"http://www.appannie.com/apps/ios/app/skype-for-iphone/"	"2015-03-31 17:34:19.070943"	"2015-03-31 17:34:22.516154"
91	"free"	31	"Flinch"	"http://www.appannie.com/apps/ios/app/flinch/"	"2015-03-31 17:34:19.079773"	"2015-03-31 17:34:22.525678"
92	"paid"	31	"Ultimate Guitar Tabs - largest catalog of songs with guitar and ukulele chords, tabs, lyrics and guitar lessons"	"http://www.appannie.com/apps/ios/app/ultimate-guitar-tabs-largest-catalog-of-songs-with-guitar-and-ukulele-chords-tabs-lyrics-and-guitar-lessons/"	"2015-03-31 17:34:19.088329"	"2015-03-31 17:34:22.536650"
93	"grossing"	31	"Trivia Crack (Ad Free)"	"http://www.appannie.com/apps/ios/app/trivia-crack-ad-free/"	"2015-03-31 17:34:19.097934"	"2015-03-31 17:34:22.547890"
94	"free"	32	"Dictator: Outbreak"	"http://www.appannie.com/apps/ios/app/dictator-outbreak/"	"2015-03-31 17:34:19.105704"	"2015-03-31 17:34:22.558190"
95	"paid"	32	"Monument Valley"	"http://www.appannie.com/apps/ios/app/monument-valley/"	"2015-03-31 17:34:19.114215"	"2015-03-31 17:34:22.569254"
96	"grossing"	32	"GSN Casino - Slots, Bingo, Video Poker, Cards and more!"	"http://www.appannie.com/apps/ios/app/gsn-casino-slots-bingo-video-poker-cards-and-more/"	"2015-03-31 17:34:19.123864"	"2015-03-31 17:34:22.578366"
97	"free"	33	"iHeartRadio: Free Music & Radio, Streaming AM & FM Stations, NPR, Podcasts, Playlists, Live News, & Sports"	"http://www.appannie.com/apps/ios/app/iheartradio-free-music-radio-streaming-am-fm-stations-npr-podcasts-playlists-live-news-sports/"	"2015-03-31 17:34:19.133466"	"2015-03-31 17:34:22.589004"
98	"paid"	33	"Goat Simulator"	"http://www.appannie.com/apps/ios/app/goat-simulator/"	"2015-03-31 17:34:19.144676"	"2015-03-31 17:34:22.598957"
99	"grossing"	33	"POF - Free Dating App"	"http://www.appannie.com/apps/ios/app/pof-free-dating-app/"	"2015-03-31 17:34:19.154443"	"2015-03-31 17:34:22.610616"
100	"free"	34	"Crossy Road - Endless Arcade Hopper"	"http://www.appannie.com/apps/ios/app/crossy-road-endless-arcade-hopper/"	"2015-03-31 17:34:19.164435"	"2015-03-31 17:34:22.620791"
101	"paid"	34	"True Skate"	"http://www.appannie.com/apps/ios/app/true-skate/"	"2015-03-31 17:34:19.173872"	"2015-03-31 17:34:22.630388"
102	"grossing"	34	"Trivia Crack"	"http://www.appannie.com/apps/ios/app/trivia-crack/"	"2015-03-31 17:34:19.183224"	"2015-03-31 17:34:22.641421"
103	"free"	35	"SoundCloud - Music & Audio"	"http://www.appannie.com/apps/ios/app/soundcloud-music-audio/"	"2015-03-31 17:34:19.194007"	"2015-03-31 17:34:22.652601"
104	"paid"	35	"Angry Birds"	"http://www.appannie.com/apps/ios/app/angry-birds/"	"2015-03-31 17:34:19.202424"	"2015-03-31 17:34:22.664022"
105	"grossing"	35	"Slots - House of Fun! Las Vegas Casino Games, Free Slots Machines . Spin & Win Slots Roulette"	"http://www.appannie.com/apps/ios/app/slots-house-of-fun-las-vegas-casino-games-free-slots-machines-spin-win-slots-roulette/"	"2015-03-31 17:34:19.212841"	"2015-03-31 17:34:22.673490"
106	"free"	36	"Kick the Buddy: Second Kick Free"	"http://www.appannie.com/apps/ios/app/kick-buddy-second-kick-free/"	"2015-03-31 17:34:19.221390"	"2015-03-31 17:34:22.683808"
107	"paid"	36	"Pimp Your Screen - Custom Themes, Backgrounds and Wallpapers for iPhone, iPod touch and iPad"	"http://www.appannie.com/apps/ios/app/pimp-your-screen-custom-themes-backgrounds-and-wallpapers-for-iphone-ipod-touch-and-ipad/"	"2015-03-31 17:34:19.232989"	"2015-03-31 17:34:22.694397"
108	"grossing"	36	"Castle Clash by IGG"	"http://www.appannie.com/apps/ios/app/castle-clash-by-igg/"	"2015-03-31 17:34:19.244209"	"2015-03-31 17:34:22.703261"
109	"free"	37	"Amazon App: shop, browse, scan, compare, and read reviews"	"http://www.appannie.com/apps/ios/app/amazon-app-shop-browse-scan-compare-and-read-reviews/"	"2015-03-31 17:34:19.254910"	"2015-03-31 17:34:22.713085"
110	"paid"	37	"Camera+"	"http://www.appannie.com/apps/ios/app/camera/"	"2015-03-31 17:34:19.264293"	"2015-03-31 17:34:22.722819"
111	"grossing"	37	"Madden NFL Mobile"	"http://www.appannie.com/apps/ios/app/madden-nfl-mobile/"	"2015-03-31 17:34:19.272683"	"2015-03-31 17:34:22.734315"
112	"free"	38	"Yahoo Mail - Free Email, News, Weather and more"	"http://www.appannie.com/apps/ios/app/yahoo-mail-free-email-news-weather-and-more/"	"2015-03-31 17:34:19.281931"	"2015-03-31 17:34:22.744707"
113	"paid"	38	"Couch to 5K® - Running App, Training Coach and GPS Tracker"	"http://www.appannie.com/apps/ios/app/couch-to-5k-running-app-training-coach-and-gps-tracker/"	"2015-03-31 17:34:19.290630"	"2015-03-31 17:34:22.754004"
114	"grossing"	38	"Crime City"	"http://www.appannie.com/apps/ios/app/crime-city/"	"2015-03-31 17:34:19.300520"	"2015-03-31 17:34:22.765447"
115	"free"	39	"Free Music PLUS - MP3 Music Player"	"http://www.appannie.com/apps/ios/app/free-music-plus-mp3-music-player/"	"2015-03-31 17:34:19.310818"	"2015-03-31 17:34:22.777772"
116	"paid"	39	"Instant Blood Pressure - Monitor Blood Pressure Using Only Your Phone"	"http://www.appannie.com/apps/ios/app/instant-blood-pressure-monitor-blood-pressure-using-only-your-phone/"	"2015-03-31 17:34:19.321500"	"2015-03-31 17:34:22.787652"
117	"grossing"	39	"Wizard of Oz Slots Free Casino"	"http://www.appannie.com/apps/ios/app/wizard-of-oz-slots-free-casino/"	"2015-03-31 17:34:19.330212"	"2015-03-31 17:34:22.798337"
118	"free"	40	"Clash of Clans"	"http://www.appannie.com/apps/ios/app/clash-of-clans/"	"2015-03-31 17:34:19.341035"	"2015-03-31 17:34:22.809317"
119	"paid"	40	"Sky Guide: View Stars Night or Day"	"http://www.appannie.com/apps/ios/app/sky-guide-view-stars-night/"	"2015-03-31 17:34:19.353569"	"2015-03-31 17:34:22.819862"
120	"grossing"	40	"Covet Fashion - The Game for Dresses, Hairstyles and Shopping"	"http://www.appannie.com/apps/ios/app/covet-fashion-the-game-for-dresses-hairstyles-and-shopping/"	"2015-03-31 17:34:19.361743"	"2015-03-31 17:34:22.829491"
121	"free"	41	"Subway Surfers"	"http://www.appannie.com/apps/ios/app/subway-surfers/"	"2015-03-31 17:34:19.371872"	"2015-03-31 17:34:23.170269"
122	"paid"	41	"TurboScan: quickly scan multipage documents into high-quality PDFs"	"http://www.appannie.com/apps/ios/app/turboscan-quickly-scan-multipage-documents-into-high-quality-pdfs/"	"2015-03-31 17:34:19.382919"	"2015-03-31 17:34:23.229631"
123	"grossing"	41	"Hit it Rich! Free Casino Slots"	"http://www.appannie.com/apps/ios/app/hit-it-rich-free-casino-slots/"	"2015-03-31 17:34:19.391808"	"2015-03-31 17:34:23.244382"
124	"free"	42	"Uber"	"http://www.appannie.com/apps/ios/app/368677368/"	"2015-03-31 17:34:19.403819"	"2015-03-31 17:34:23.257080"
125	"paid"	42	"Downloads — Downloader & Download Manager"	"http://www.appannie.com/apps/ios/app/343307433/"	"2015-03-31 17:34:19.413691"	"2015-03-31 17:34:23.271339"
126	"grossing"	42	"Puzzle & Dragons (English)"	"http://www.appannie.com/apps/ios/app/puzzle-dragons-english/"	"2015-03-31 17:34:19.423671"	"2015-03-31 17:34:23.286408"
127	"free"	43	"Stickman Rush"	"http://www.appannie.com/apps/ios/app/972445725/"	"2015-03-31 17:34:19.433340"	"2015-03-31 17:34:23.298970"
128	"paid"	43	"Fitness Buddy : 1700+ Exercise Workout Trainer and Workout Journal"	"http://www.appannie.com/apps/ios/app/fitness-buddy-1700-exercise-workout-trainer-and-workout-journal/"	"2015-03-31 17:34:19.448144"	"2015-03-31 17:34:23.308723"
129	"grossing"	43	"Jackpot Party Casino - Slots"	"http://www.appannie.com/apps/ios/app/jackpot-party-casino-slots/"	"2015-03-31 17:34:19.468690"	"2015-03-31 17:34:23.320657"
130	"free"	44	"8 Ball Pool™"	"http://www.appannie.com/apps/ios/app/8-ball-pooltm/"	"2015-03-31 17:34:19.480609"	"2015-03-31 17:34:23.331217"
131	"paid"	44	"The Wonder Weeks"	"http://www.appannie.com/apps/ios/app/529815782/"	"2015-03-31 17:34:19.489152"	"2015-03-31 17:34:23.341280"
132	"grossing"	44	"The Hobbit: Kingdoms of Middle-earth"	"http://www.appannie.com/apps/ios/app/the-hobbit-kingdoms-of-middle-earth/"	"2015-03-31 17:34:19.500803"	"2015-03-31 17:34:23.349181"
133	"free"	45	"ZigZag"	"http://www.appannie.com/apps/ios/app/951364656/"	"2015-03-31 17:34:19.509793"	"2015-03-31 17:34:23.358973"
134	"paid"	45	"Grand Theft Auto: San Andreas"	"http://www.appannie.com/apps/ios/app/763692274/"	"2015-03-31 17:34:19.519410"	"2015-03-31 17:34:23.368647"
135	"grossing"	45	"World Series of Poker - WSOP Texas Holdem Free Casino"	"http://www.appannie.com/apps/ios/app/world-series-of-poker-wsop-texas-holdem-free-casino/"	"2015-03-31 17:34:19.528888"	"2015-03-31 17:34:23.378949"
136	"free"	46	"Free Music Play - MP3 Streamer and Playlist Manager"	"http://www.appannie.com/apps/ios/app/free-music-play-mp3-streamer-and-playlist-manager/"	"2015-03-31 17:34:19.538668"	"2015-03-31 17:34:23.387745"
137	"paid"	46	"Doodle Jump"	"http://www.appannie.com/apps/ios/app/doodle-jump/"	"2015-03-31 17:34:19.548714"	"2015-03-31 17:34:23.396650"
138	"grossing"	46	"Frozen Free Fall"	"http://www.appannie.com/apps/ios/app/frozen-free-fall/"	"2015-03-31 17:34:19.559199"	"2015-03-31 17:34:23.405706"
139	"free"	47	"aa"	"http://www.appannie.com/apps/ios/app/905852173/"	"2015-03-31 17:34:19.569224"	"2015-03-31 17:34:23.413328"
140	"paid"	47	"Plants vs. Zombies"	"http://www.appannie.com/apps/ios/app/plants-vs-zombies/"	"2015-03-31 17:34:19.579511"	"2015-03-31 17:34:23.421086"
141	"grossing"	47	"Brave Frontier"	"http://www.appannie.com/apps/ios/app/brave-frontier/"	"2015-03-31 17:34:19.589246"	"2015-03-31 17:34:23.431404"
142	"free"	48	"Periscope"	"http://www.appannie.com/apps/ios/app/972909677/"	"2015-03-31 17:34:19.602293"	"2015-03-31 17:34:23.440236"
143	"paid"	48	"21 Day Companion - fix the way you track your progress"	"http://www.appannie.com/apps/ios/app/21-day-companion-fix-way-you/"	"2015-03-31 17:34:19.611828"	"2015-03-31 17:34:23.449853"
144	"grossing"	48	"Zynga Poker - Texas Holdem"	"http://www.appannie.com/apps/ios/app/zynga-poker-texas-holdem/"	"2015-03-31 17:34:19.621527"	"2015-03-31 17:34:23.459859"
145	"free"	49	"Candy Crush Saga"	"http://www.appannie.com/apps/ios/app/candy-crush-saga/"	"2015-03-31 17:34:19.629617"	"2015-03-31 17:34:23.472359"
146	"paid"	49	"Scanner Pro by Readdle"	"http://www.appannie.com/apps/ios/app/scanner-pro-by-readdle/"	"2015-03-31 17:34:19.639415"	"2015-03-31 17:34:23.482090"
147	"grossing"	49	"Criminal Case"	"http://www.appannie.com/apps/ios/app/767473889/"	"2015-03-31 17:34:19.651208"	"2015-03-31 17:34:23.490821"
148	"free"	50	"Waze Social GPS, Maps & Traffic"	"http://www.appannie.com/apps/ios/app/waze-social-gps-maps-traffic/"	"2015-03-31 17:34:19.660542"	"2015-03-31 17:34:23.500778"
149	"paid"	50	"TETRIS®"	"http://www.appannie.com/apps/ios/app/479943969/"	"2015-03-31 17:34:19.669784"	"2015-03-31 17:34:23.509894"
150	"grossing"	50	"BINGO Blitz - FREE Bingo + Slots"	"http://www.appannie.com/apps/ios/app/bingo-blitz-free-bingo-slots/"	"2015-03-31 17:34:19.679358"	"2015-03-31 17:34:23.519691"
151	"free"	51	"Chrome - web browser by Google"	"http://www.appannie.com/apps/ios/app/chrome-web-browser-by-google/"	"2015-03-31 17:34:19.689908"	"2015-03-31 17:34:23.530490"
152	"paid"	51	"Dude Perfect"	"http://www.appannie.com/apps/ios/app/dude-perfect/"	"2015-03-31 17:34:19.700248"	"2015-03-31 17:34:23.539332"
153	"grossing"	51	"MLB.com At Bat"	"http://www.appannie.com/apps/ios/app/mlb.com-at-bat/"	"2015-03-31 17:34:19.710216"	"2015-03-31 17:34:23.549962"
154	"free"	52	"Vine"	"http://www.appannie.com/apps/ios/app/592447445/"	"2015-03-31 17:34:19.720994"	"2015-03-31 17:34:23.559079"
155	"paid"	52	"The Trace: Murder Mystery Game"	"http://www.appannie.com/apps/ios/app/the-trace-murder-mystery-game/"	"2015-03-31 17:34:19.729287"	"2015-03-31 17:34:23.569655"
156	"grossing"	52	"MARVEL War of Heroes"	"http://www.appannie.com/apps/ios/app/marvel-war-of-heroes/"	"2015-03-31 17:34:19.737706"	"2015-03-31 17:34:23.580233"
157	"free"	53	"Dropbox"	"http://www.appannie.com/apps/ios/app/dropbox/"	"2015-03-31 17:34:19.747803"	"2015-03-31 17:34:23.906450"
158	"paid"	53	"5K Runner: 0 to 5K run training, Couch to 5K running, Pro"	"http://www.appannie.com/apps/ios/app/5k-runner-0-to-5k-run-training-couch-to-5k-running-pro/"	"2015-03-31 17:34:19.757684"	"2015-03-31 17:34:23.928209"
159	"grossing"	53	"Cooking Fever"	"http://www.appannie.com/apps/ios/app/cooking-fever/"	"2015-03-31 17:34:19.765318"	"2015-03-31 17:34:23.950162"
160	"free"	54	"Viber"	"http://www.appannie.com/apps/ios/app/viber/"	"2015-03-31 17:34:19.776381"	"2015-03-31 17:34:23.968819"
161	"paid"	54	"Papa's Freezeria To Go!"	"http://www.appannie.com/apps/ios/app/papas-freezeria-to-go!/"	"2015-03-31 17:34:19.786297"	"2015-03-31 17:34:23.983382"
162	"grossing"	54	"Clash of Kings - Last Empire"	"http://www.appannie.com/apps/ios/app/clash-of-kings-last-empire/"	"2015-03-31 17:34:19.797597"	"2015-03-31 17:34:23.996400"
163	"free"	55	"Musify - Free Music Streamer and Media Player for Jamendo®. Download Now!"	"http://www.appannie.com/apps/ios/app/musify-free-music-streamer/"	"2015-03-31 17:34:19.807531"	"2015-03-31 17:34:24.007430"
164	"paid"	55	"Scribblenauts Remix"	"http://www.appannie.com/apps/ios/app/scribblenauts-remix/"	"2015-03-31 17:34:19.819599"	"2015-03-31 17:34:24.017226"
165	"grossing"	55	"Heart of Vegas: Play Free Casino Slots!"	"http://www.appannie.com/apps/ios/app/heart-vegas-play-free-casino/"	"2015-03-31 17:34:19.828843"	"2015-03-31 17:34:24.025408"
166	"free"	56	"Despicable Me: Minion Rush"	"http://www.appannie.com/apps/ios/app/despicable-me-minion-rush/"	"2015-03-31 17:34:19.839478"	"2015-03-31 17:34:24.036681"
167	"paid"	56	"Grand Theft Auto: Vice City"	"http://www.appannie.com/apps/ios/app/578448682/"	"2015-03-31 17:34:19.850972"	"2015-03-31 17:34:24.045032"
168	"grossing"	56	"FINAL FANTASY Record Keeper"	"http://www.appannie.com/apps/ios/app/964320334/"	"2015-03-31 17:34:19.861434"	"2015-03-31 17:34:24.054141"
169	"free"	57	"Shazam"	"http://www.appannie.com/apps/ios/app/284993459/"	"2015-03-31 17:34:19.869653"	"2015-03-31 17:34:24.063260"
170	"paid"	57	"NOAA Radar Pro – Severe Weather Alerts and Forecast"	"http://www.appannie.com/apps/ios/app/noaa-radar-pro-severe-weather-alerts-and-forecast/"	"2015-03-31 17:34:19.877637"	"2015-03-31 17:34:24.071698"
171	"grossing"	57	"TurboTax Tax Preparation - Complete and efile your 2014 income taxes"	"http://www.appannie.com/apps/ios/app/turbotax-tax-preparation-complete/"	"2015-03-31 17:34:19.885786"	"2015-03-31 17:34:24.081050"
172	"free"	58	"The Weather Channel and weather.com - local forecasts, radar, and storm tracking"	"http://www.appannie.com/apps/ios/app/the-weather-channel-and-weathercom-local-forecasts-radar-and-storm-tracking/"	"2015-03-31 17:34:19.898561"	"2015-03-31 17:34:24.090665"
173	"paid"	58	"Dictionary.com Dictionary & Thesaurus Premium"	"http://www.appannie.com/apps/ios/app/dictionarycom-dictionary-thesaurus-premium/"	"2015-03-31 17:34:19.908776"	"2015-03-31 17:34:24.100764"
174	"grossing"	58	"Dragon City Mobile"	"http://www.appannie.com/apps/ios/app/dragon-city-mobile/"	"2015-03-31 17:34:19.919799"	"2015-03-31 17:34:24.110453"
175	"free"	59	"Calorie Counter & Diet Tracker by MyFitnessPal"	"http://www.appannie.com/apps/ios/app/calorie-counter-diet-tracker-by-myfitnesspal/"	"2015-03-31 17:34:19.929218"	"2015-03-31 17:34:24.120496"
176	"paid"	59	"Grindr Xtra - Gay, same sex, bi, social network to chat and meet guys"	"http://www.appannie.com/apps/ios/app/grindr-xtra-gay-same-sex-bi-social-network-to-chat-and-meet-guys/"	"2015-03-31 17:34:19.938204"	"2015-03-31 17:34:24.129570"
177	"grossing"	59	"MONOPOLY Bingo!"	"http://www.appannie.com/apps/ios/app/monopoly-bingo!/"	"2015-03-31 17:34:19.949500"	"2015-03-31 17:34:24.150089"
178	"free"	60	"eBay"	"http://www.appannie.com/apps/ios/app/282614216/"	"2015-03-31 17:34:19.959465"	"2015-03-31 17:34:24.167625"
179	"paid"	60	"Call of Duty: Zombies"	"http://www.appannie.com/apps/ios/app/call-of-duty-zombies/"	"2015-03-31 17:34:19.969059"	"2015-03-31 17:34:24.179051"
180	"grossing"	60	"Panda Pop - Bubble Shooter"	"http://www.appannie.com/apps/ios/app/panda-pop-bubble-shooter/"	"2015-03-31 17:34:19.978803"	"2015-03-31 17:34:24.193628"
181	"free"	61	"RetailMeNot Coupons"	"http://www.appannie.com/apps/ios/app/retailmenot-coupons/"	"2015-03-31 17:34:19.989202"	"2015-03-31 17:34:24.205801"
182	"paid"	61	"Call of Duty®: Strike Team"	"http://www.appannie.com/apps/ios/app/call-of-duty-strike-team/"	"2015-03-31 17:34:20.000841"	"2015-03-31 17:34:24.220037"
183	"grossing"	61	"Racing Rivals"	"http://www.appannie.com/apps/ios/app/racing-rivals/"	"2015-03-31 17:34:20.010456"	"2015-03-31 17:34:24.230208"
184	"free"	62	"Beats Music"	"http://www.appannie.com/apps/ios/app/beats-music/"	"2015-03-31 17:34:20.020468"	"2015-03-31 17:34:24.240069"
185	"paid"	62	"doTERRA"	"http://www.appannie.com/apps/ios/app/956782069/"	"2015-03-31 17:34:20.030927"	"2015-03-31 17:34:24.250157"
186	"grossing"	62	"Hulu Plus"	"http://www.appannie.com/apps/ios/app/hulu-plus/"	"2015-03-31 17:34:20.039862"	"2015-03-31 17:34:24.260286"
187	"free"	63	"Yelp"	"http://www.appannie.com/apps/ios/app/284910350/"	"2015-03-31 17:34:20.051190"	"2015-03-31 17:34:24.269863"
188	"paid"	63	"Stray Dog Simulator"	"http://www.appannie.com/apps/ios/app/stray-dog-simulator/"	"2015-03-31 17:34:20.060674"	"2015-03-31 17:34:24.278824"
189	"grossing"	63	"Jackpotjoy Slots - FREE Las Vegas Video Slots & Casino Game"	"http://www.appannie.com/apps/ios/app/jackpotjoy-slots-free-las-vegas-video-slots-casino-game/"	"2015-03-31 17:34:20.071055"	"2015-03-31 17:34:24.287765"
190	"free"	64	"ZEDGE™ Ringtones & Wallpapers"	"http://www.appannie.com/apps/ios/app/zedgetm-ringtones-wallpapers/"	"2015-03-31 17:34:20.081089"	"2015-03-31 17:34:24.297816"
191	"paid"	64	"Earn to Die 2"	"http://www.appannie.com/apps/ios/app/earn-to-die-2/"	"2015-03-31 17:34:20.091422"	"2015-03-31 17:34:24.306269"
192	"grossing"	64	"Diamond Digger Saga"	"http://www.appannie.com/apps/ios/app/diamond-digger-saga/"	"2015-03-31 17:34:20.103250"	"2015-03-31 17:34:24.318105"
193	"free"	65	"Wallapop"	"http://www.appannie.com/apps/ios/app/wallapop/"	"2015-03-31 17:34:20.114145"	"2015-03-31 17:34:24.327175"
194	"paid"	65	"Bike Race Pro"	"http://www.appannie.com/apps/ios/app/bike-race-pro/"	"2015-03-31 17:34:20.122789"	"2015-03-31 17:34:24.336142"
195	"grossing"	65	"Empire Z"	"http://www.appannie.com/apps/ios/app/empire-z/"	"2015-03-31 17:34:20.132420"	"2015-03-31 17:34:24.346132"
196	"free"	66	"Bible"	"http://www.appannie.com/apps/ios/app/282935706/"	"2015-03-31 17:34:20.145250"	"2015-03-31 17:34:24.354066"
197	"paid"	66	"Iron Ball Ride"	"http://www.appannie.com/apps/ios/app/iron-ball-ride/"	"2015-03-31 17:34:20.155809"	"2015-03-31 17:34:24.364139"
198	"grossing"	66	"OkCupid Dating"	"http://www.appannie.com/apps/ios/app/okcupid-dating/"	"2015-03-31 17:34:20.165846"	"2015-03-31 17:34:24.374188"
199	"free"	67	"Temple Run 2"	"http://www.appannie.com/apps/ios/app/temple-run-2/"	"2015-03-31 17:34:20.175945"	"2015-03-31 17:34:24.383563"
200	"paid"	67	"Survivalcraft"	"http://www.appannie.com/apps/ios/app/survivalcraft/"	"2015-03-31 17:34:20.185512"	"2015-03-31 17:34:24.393862"
201	"grossing"	67	"The Simpsons™: Tapped Out"	"http://www.appannie.com/apps/ios/app/497595276/"	"2015-03-31 17:34:20.195086"	"2015-03-31 17:34:24.404428"
202	"free"	68	"Google Translate"	"http://www.appannie.com/apps/ios/app/google-translate/"	"2015-03-31 17:34:20.205757"	"2015-03-31 17:34:24.415941"
203	"paid"	68	"Weather Live"	"http://www.appannie.com/apps/ios/app/749078962/"	"2015-03-31 17:34:20.215621"	"2015-03-31 17:34:24.425977"
204	"grossing"	68	"WordBrain"	"http://www.appannie.com/apps/ios/app/wordbrain/"	"2015-03-31 17:34:20.225597"	"2015-03-31 17:34:24.441031"
205	"free"	69	"Free Music on iPhone - Listen to Youtube Music, Radio, Playlist, MP3 & Video Clip in Audio Streaming Player"	"http://www.appannie.com/apps/ios/app/free-music-on-iphone-listen-to-youtube-music-radio-playlist-mp3-video-clip-in-audio-streaming-player/"	"2015-03-31 17:34:20.233476"	"2015-03-31 17:34:24.453304"
206	"paid"	69	"Dude, your car!"	"http://www.appannie.com/apps/ios/app/dude-your-car/"	"2015-03-31 17:34:20.245383"	"2015-03-31 17:34:24.463129"
207	"grossing"	69	"STAR WARS™: FORCE COLLECTION – Command your favorite Star Wars heroes and assemble the most powerful fighting force in the galaxy in this strategic trading card"	"http://www.appannie.com/apps/ios/app/star-warstm-force-collection-command-your-favorite-star-wars-heroes-and-assemble-the-most-powerful-fighting-force-in-the-galaxy-in-this-strategic-trading-card/"	"2015-03-31 17:34:20.255483"	"2015-03-31 17:34:24.480805"
208	"free"	70	"Snap Upload (Send photos & videos to snapchat)"	"http://www.appannie.com/apps/ios/app/snap-upload-send-photos-videos/"	"2015-03-31 17:34:20.267862"	"2015-03-31 17:34:24.496850"
209	"paid"	70	"iTranslate Voice - translator & dictionary"	"http://www.appannie.com/apps/ios/app/itranslate-voice-translator-dictionary/"	"2015-03-31 17:34:20.276998"	"2015-03-31 17:34:24.506401"
210	"grossing"	70	"Iron Force"	"http://www.appannie.com/apps/ios/app/iron-force/"	"2015-03-31 17:34:20.287121"	"2015-03-31 17:34:24.518294"
211	"free"	71	"Fitbit"	"http://www.appannie.com/apps/ios/app/fitbit/"	"2015-03-31 17:34:20.296917"	"2015-03-31 17:34:24.710258"
212	"paid"	71	"Pou"	"http://www.appannie.com/apps/ios/app/575154654/"	"2015-03-31 17:34:20.307336"	"2015-03-31 17:34:24.730322"
213	"grossing"	71	"Zynga Poker Classic – Texas Holdem"	"http://www.appannie.com/apps/ios/app/zynga-poker-classic-texas/"	"2015-03-31 17:34:20.318277"	"2015-03-31 17:34:24.745301"
214	"free"	72	"Tango - Free Text, Video & Voice Calling"	"http://www.appannie.com/apps/ios/app/tango-free-text-video-voice-calling/"	"2015-03-31 17:34:20.328467"	"2015-03-31 17:34:24.760797"
215	"paid"	72	"PAW Patrol Rescue Run"	"http://www.appannie.com/apps/ios/app/paw-patrol-rescue-run/"	"2015-03-31 17:34:20.337598"	"2015-03-31 17:34:24.779185"
216	"grossing"	72	"Bingo Bash™ featuring Wheel of Fortune® Bingo and more!"	"http://www.appannie.com/apps/ios/app/bingo-bashtm-featuring-wheel-of-fortune-bingo-and-more/"	"2015-03-31 17:34:20.348527"	"2015-03-31 17:34:24.789923"
217	"free"	73	"myAT&T"	"http://www.appannie.com/apps/ios/app/myatt/"	"2015-03-31 17:34:20.358793"	"2015-03-31 17:34:24.799404"
218	"paid"	73	"Plug for Minecraft PE"	"http://www.appannie.com/apps/ios/app/plug-for-minecraft-pe/"	"2015-03-31 17:34:20.368830"	"2015-03-31 17:34:24.808879"
219	"grossing"	73	"Beats Music"	"http://www.appannie.com/apps/ios/app/beats-music/"	"2015-03-31 17:34:20.378829"	"2015-03-31 17:34:24.817451"
220	"free"	74	"Comedy Central"	"http://www.appannie.com/apps/ios/app/comedy-central/"	"2015-03-31 17:34:20.389480"	"2015-03-31 17:34:24.826940"
221	"paid"	74	"Geocaching"	"http://www.appannie.com/apps/ios/app/geocaching/"	"2015-03-31 17:34:20.400475"	"2015-03-31 17:34:24.836445"
222	"grossing"	74	"Star Wars: Commander"	"http://www.appannie.com/apps/ios/app/star-wars-commander/"	"2015-03-31 17:34:20.410741"	"2015-03-31 17:34:24.847918"
223	"free"	75	"Starbucks"	"http://www.appannie.com/apps/ios/app/starbucks/"	"2015-03-31 17:34:20.420246"	"2015-03-31 17:34:24.858268"
224	"paid"	75	"Flick Home Run !"	"http://www.appannie.com/apps/ios/app/flick-home-run-!/"	"2015-03-31 17:34:20.680451"	"2015-03-31 17:34:24.867652"
225	"grossing"	75	"YouNow: Broadcast, Chat and Watch Live Video"	"http://www.appannie.com/apps/ios/app/471347413/"	"2015-03-31 17:34:20.704343"	"2015-03-31 17:34:24.879363"
226	"free"	76	"Expresser Keyboard"	"http://www.appannie.com/apps/ios/app/expresser-keyboard/"	"2015-03-31 17:34:20.718012"	"2015-03-31 17:34:24.889606"
227	"paid"	76	"Grand Theft Auto III"	"http://www.appannie.com/apps/ios/app/grand-theft-auto-iii/"	"2015-03-31 17:34:20.729733"	"2015-03-31 17:34:24.900325"
228	"grossing"	76	"DoubleUCasino"	"http://www.appannie.com/apps/ios/app/doubleucasino/"	"2015-03-31 17:34:20.740008"	"2015-03-31 17:34:24.910168"
229	"free"	77	"Diamond Quest!"	"http://www.appannie.com/apps/ios/app/888104696/"	"2015-03-31 17:34:20.751007"	"2015-03-31 17:34:24.920515"
230	"paid"	77	"Superimpose"	"http://www.appannie.com/apps/ios/app/superimpose/"	"2015-03-31 17:34:20.760625"	"2015-03-31 17:34:24.929801"
231	"grossing"	77	"War of Nations™"	"http://www.appannie.com/apps/ios/app/war-of-nations/"	"2015-03-31 17:34:20.770173"	"2015-03-31 17:34:24.940150"
232	"free"	78	"Jelly Jump"	"http://www.appannie.com/apps/ios/app/955327604/"	"2015-03-31 17:34:20.780662"	"2015-03-31 17:34:24.950829"
233	"paid"	78	"DAILY for Craigslist (iPhone Version)"	"http://www.appannie.com/apps/ios/app/daily-for-craigslist-iphone-version/"	"2015-03-31 17:34:20.789765"	"2015-03-31 17:34:24.959929"
234	"grossing"	78	"eHarmony"	"http://www.appannie.com/apps/ios/app/eharmony/"	"2015-03-31 17:34:20.800576"	"2015-03-31 17:34:24.968788"
235	"free"	79	"Tinder"	"http://www.appannie.com/apps/ios/app/tinder/"	"2015-03-31 17:34:20.810186"	"2015-03-31 17:34:24.977176"
236	"paid"	79	"Stick Texting - The Emoji Emoticons Killer (Emoticon Emojis)"	"http://www.appannie.com/apps/ios/app/stick-texting-the-emoji-emoticons-killer-emoticon-emojis/"	"2015-03-31 17:34:20.819678"	"2015-03-31 17:34:24.987807"
237	"grossing"	79	"Sing! Karaoke by Smule"	"http://www.appannie.com/apps/ios/app/sing-karaoke-by-smule/"	"2015-03-31 17:34:20.828957"	"2015-03-31 17:34:24.997754"
238	"free"	80	"Google Drive - free online storage from Google"	"http://www.appannie.com/apps/ios/app/google-drive-free-online-storage-from-google/"	"2015-03-31 17:34:20.839593"	"2015-03-31 17:34:25.006896"
239	"paid"	80	"Civilization Revolution 2"	"http://www.appannie.com/apps/ios/app/civilization-revolution-2/"	"2015-03-31 17:34:20.850908"	"2015-03-31 17:34:25.015797"
240	"grossing"	80	"Slots™"	"http://www.appannie.com/apps/ios/app/494792609/"	"2015-03-31 17:34:20.860208"	"2015-03-31 17:34:25.027496"
241	"free"	81	"Photo Grid - Collage Maker & FX Editor"	"http://www.appannie.com/apps/ios/app/photo-grid-collage-maker-fx-editor/"	"2015-03-31 17:34:20.870174"	"2015-03-31 17:34:25.037970"
242	"paid"	81	"New Emoji Keyboard - Extra Emojis"	"http://www.appannie.com/apps/ios/app/new-emoji-keyboard-extra-emojis/"	"2015-03-31 17:34:20.879500"	"2015-03-31 17:34:25.048261"
243	"grossing"	81	"Kingdoms of Camelot: Battle for the North ®"	"http://www.appannie.com/apps/ios/app/476546099/"	"2015-03-31 17:34:20.889139"	"2015-03-31 17:34:25.057291"
244	"free"	82	"QR Reader for iPhone"	"http://www.appannie.com/apps/ios/app/qr-reader-for-iphone/"	"2015-03-31 17:34:20.899577"	"2015-03-31 17:34:25.065384"
245	"paid"	82	"Dark Sky - Weather Radar, Hyperlocal Forecasts, and Storm Alerts"	"http://www.appannie.com/apps/ios/app/dark-sky-weather-radar-hyperlocal-forecasts-and-storm-alerts/"	"2015-03-31 17:34:20.910437"	"2015-03-31 17:34:25.075344"
246	"grossing"	82	"Battle Camp"	"http://www.appannie.com/apps/ios/app/battle-camp/"	"2015-03-31 17:34:20.920114"	"2015-03-31 17:34:25.084464"
247	"free"	83	"ooVoo – Free Video Call, Text and Voice"	"http://www.appannie.com/apps/ios/app/oovoo-free-video-call-text-and-voice/"	"2015-03-31 17:34:20.929864"	"2015-03-31 17:34:25.094577"
248	"paid"	83	"MotionX GPS Drive"	"http://www.appannie.com/apps/ios/app/motionx-gps-drive/"	"2015-03-31 17:34:20.939823"	"2015-03-31 17:34:25.103883"
249	"grossing"	83	"Underworld Empire"	"http://www.appannie.com/apps/ios/app/underworld-empire/"	"2015-03-31 17:34:20.949174"	"2015-03-31 17:34:25.112908"
250	"free"	84	"94%"	"http://www.appannie.com/apps/ios/app/862303071/"	"2015-03-31 17:34:20.958819"	"2015-03-31 17:34:25.123185"
251	"paid"	84	"Fruit Ninja"	"http://www.appannie.com/apps/ios/app/fruit-ninja/"	"2015-03-31 17:34:20.969815"	"2015-03-31 17:34:25.132617"
252	"grossing"	84	"Slots - Pharaoh's Way"	"http://www.appannie.com/apps/ios/app/slots-pharaohs-way/"	"2015-03-31 17:34:20.980165"	"2015-03-31 17:34:25.143976"
253	"free"	85	"Pic Collage - Add photo, video, text, animated GIF effects with image editors, filters, layouts, and templates. Happy Easter!"	"http://www.appannie.com/apps/ios/app/pic-collage-add-photo-video-text-animated-gif-effects-with-image-editors-filters-layouts-and-templates-happy-easter/"	"2015-03-31 17:34:20.990960"	"2015-03-31 17:34:25.154079"
254	"paid"	85	"LexTwerkOut"	"http://www.appannie.com/apps/ios/app/lextwerkout/"	"2015-03-31 17:34:21.001476"	"2015-03-31 17:34:25.164736"
255	"grossing"	85	"Kill Shot"	"http://www.appannie.com/apps/ios/app/kill-shot/"	"2015-03-31 17:34:21.010715"	"2015-03-31 17:34:25.175008"
256	"free"	86	"InstaSize - Post Entire Photos on Social Media"	"http://www.appannie.com/apps/ios/app/instasize-post-entire-photos-on-social-media/"	"2015-03-31 17:34:21.020637"	"2015-03-31 17:34:25.184048"
257	"paid"	86	"Ref Guide for Essential Oils"	"http://www.appannie.com/apps/ios/app/ref-guide-for-essential-oils/"	"2015-03-31 17:34:21.030715"	"2015-03-31 17:34:25.194157"
258	"grossing"	86	"Grindr Xtra - Gay, same sex, bi, social network to chat and meet guys"	"http://www.appannie.com/apps/ios/app/grindr-xtra-gay-same-sex-bi-social-network-to-chat-and-meet-guys/"	"2015-03-31 17:34:21.041230"	"2015-03-31 17:34:25.203770"
259	"free"	87	"LinkedIn"	"http://www.appannie.com/apps/ios/app/linkedin/"	"2015-03-31 17:34:21.051419"	"2015-03-31 17:34:25.212702"
260	"paid"	87	"Backflip Madness"	"http://www.appannie.com/apps/ios/app/backflip-madness/"	"2015-03-31 17:34:21.061768"	"2015-03-31 17:34:25.224583"
261	"grossing"	87	"Deer Hunter 2014"	"http://www.appannie.com/apps/ios/app/583222866/"	"2015-03-31 17:34:21.072048"	"2015-03-31 17:34:25.233688"
262	"free"	88	"Sniper 3D Assassin: Shoot to Kill - by Fun Games For Free"	"http://www.appannie.com/apps/ios/app/930574573/"	"2015-03-31 17:34:21.082247"	"2015-03-31 17:34:25.251879"
263	"paid"	88	"App Icons"	"http://www.appannie.com/apps/ios/app/749100888/"	"2015-03-31 17:34:21.091860"	"2015-03-31 17:34:25.267685"
264	"grossing"	88	"Tinder"	"http://www.appannie.com/apps/ios/app/tinder/"	"2015-03-31 17:34:21.102341"	"2015-03-31 17:34:25.279993"
265	"free"	89	"Buddyman: Ninja Kick 2"	"http://www.appannie.com/apps/ios/app/buddyman-ninja-kick-2/"	"2015-03-31 17:34:21.114497"	"2015-03-31 17:34:25.291850"
266	"paid"	89	"Craft Minecraft World - Minecraft - Mini Game With Multiplayer For Minecraft PE"	"http://www.appannie.com/apps/ios/app/craft-minecraft-world-minecraft/"	"2015-03-31 17:34:21.125321"	"2015-03-31 17:34:25.306109"
267	"grossing"	89	"Sniper 3D Assassin: Shoot to Kill - by Fun Games For Free"	"http://www.appannie.com/apps/ios/app/930574573/"	"2015-03-31 17:34:21.133864"	"2015-03-31 17:34:25.320089"
268	"free"	90	"FINAL FANTASY Record Keeper"	"http://www.appannie.com/apps/ios/app/964320334/"	"2015-03-31 17:34:21.144554"	"2015-03-31 17:34:25.332312"
269	"paid"	90	"Wheel of Fortune"	"http://www.appannie.com/apps/ios/app/568556189/"	"2015-03-31 17:34:21.155011"	"2015-03-31 17:34:25.347124"
270	"grossing"	90	"CSR Racing"	"http://www.appannie.com/apps/ios/app/csr-racing/"	"2015-03-31 17:34:21.166201"	"2015-03-31 17:34:25.360764"
271	"free"	91	"Cooking Fever"	"http://www.appannie.com/apps/ios/app/cooking-fever/"	"2015-03-31 17:34:21.176644"	"2015-03-31 17:34:25.373141"
272	"paid"	91	"MONOPOLY Here & Now: The World Edition"	"http://www.appannie.com/apps/ios/app/monopoly-here-now-the-world-edition/"	"2015-03-31 17:34:21.187081"	"2015-03-31 17:34:25.385040"
273	"grossing"	91	"Bejeweled Blitz"	"http://www.appannie.com/apps/ios/app/bejeweled-blitz/"	"2015-03-31 17:34:21.196684"	"2015-03-31 17:34:25.397120"
274	"free"	92	"Chase Mobile℠"	"http://www.appannie.com/apps/ios/app/chase-mobilesm/"	"2015-03-31 17:34:21.207528"	"2015-03-31 17:34:25.411113"
275	"paid"	92	"NHL 2K"	"http://www.appannie.com/apps/ios/app/nhl-2k/"	"2015-03-31 17:34:21.218020"	"2015-03-31 17:34:25.424182"
276	"grossing"	92	"Bingo!™"	"http://www.appannie.com/apps/ios/app/bingo!/"	"2015-03-31 17:34:21.228147"	"2015-03-31 17:34:25.438137"
277	"free"	93	"Tumblr"	"http://www.appannie.com/apps/ios/app/tumblr/"	"2015-03-31 17:34:21.237445"	"2015-03-31 17:34:25.450463"
278	"paid"	93	"Free Music Pro - Music Streamer and Playlist Manager"	"http://www.appannie.com/apps/ios/app/free-music-pro-music-streamer-and-playlist-manager/"	"2015-03-31 17:34:21.248710"	"2015-03-31 17:34:25.464634"
279	"grossing"	93	"Angry Birds Stella POP!"	"http://www.appannie.com/apps/ios/app/angry-birds-stella-pop!/"	"2015-03-31 17:34:21.258378"	"2015-03-31 17:34:25.477887"
280	"free"	94	"Bank of America - Mobile Banking"	"http://www.appannie.com/apps/ios/app/bank-of-america-mobile-banking/"	"2015-03-31 17:34:21.269647"	"2015-03-31 17:34:25.538457"
281	"paid"	94	"Musify Pro - Free Music Streamer and Media Player for Jamendo®. Download Now!"	"http://www.appannie.com/apps/ios/app/musify-pro-free-music-streamer/"	"2015-03-31 17:34:21.280250"	"2015-03-31 17:34:25.553837"
282	"grossing"	94	"Age of Warring Empire"	"http://www.appannie.com/apps/ios/app/age-of-warring-empire/"	"2015-03-31 17:34:21.290836"	"2015-03-31 17:34:25.567725"
283	"free"	95	"iMusic Video Tube For YouTube - Background Music & Video Player"	"http://www.appannie.com/apps/ios/app/imusic-video-tube-for-youtube/"	"2015-03-31 17:34:21.300851"	"2015-03-31 17:34:25.578626"
284	"paid"	95	"Tiny Wings"	"http://www.appannie.com/apps/ios/app/tiny-wings/"	"2015-03-31 17:34:21.315312"	"2015-03-31 17:34:25.591102"
285	"grossing"	95	"Pixel Gun 3D"	"http://www.appannie.com/apps/ios/app/pixel-gun-3d/"	"2015-03-31 17:34:21.325517"	"2015-03-31 17:34:25.603482"
286	"free"	96	"Plants vs. Zombies™ 2"	"http://www.appannie.com/apps/ios/app/plants-vs.-zombies-2/"	"2015-03-31 17:34:21.335729"	"2015-03-31 17:34:25.614356"
287	"paid"	96	"Blek"	"http://www.appannie.com/apps/ios/app/742625884/"	"2015-03-31 17:34:21.345528"	"2015-03-31 17:34:25.626895"
288	"grossing"	96	"Enlight"	"http://www.appannie.com/apps/ios/app/enlight/"	"2015-03-31 17:34:21.356979"	"2015-03-31 17:34:25.638995"
289	"free"	97	"Magic Piano by Smule"	"http://www.appannie.com/apps/ios/app/magic-piano-by-smule/"	"2015-03-31 17:34:21.369266"	"2015-03-31 17:34:25.650628"
290	"paid"	97	"PicFrame"	"http://www.appannie.com/apps/ios/app/picframe/"	"2015-03-31 17:34:21.379563"	"2015-03-31 17:34:25.731124"
291	"grossing"	97	"Marvel Puzzle Quest"	"http://www.appannie.com/apps/ios/app/marvel-puzzle-quest/"	"2015-03-31 17:34:21.391277"	"2015-03-31 17:34:25.742728"
292	"free"	98	"Walmart - Savings Catcher, Shopping and Pharmacy App"	"http://www.appannie.com/apps/ios/app/walmart-savings-catcher-shopping-and-pharmacy-app/"	"2015-03-31 17:34:21.401629"	"2015-03-31 17:34:25.756342"
293	"paid"	98	"SuperBetter"	"http://www.appannie.com/apps/ios/app/superbetter/"	"2015-03-31 17:34:21.411502"	"2015-03-31 17:34:25.769313"
294	"grossing"	98	"Knights & Dragons - Epic Action RPG"	"http://www.appannie.com/apps/ios/app/knights-dragons-epic-action-rpg/"	"2015-03-31 17:34:21.422742"	"2015-03-31 17:34:25.781798"
295	"free"	99	"Google Earth"	"http://www.appannie.com/apps/ios/app/google-earth/"	"2015-03-31 17:34:21.434935"	"2015-03-31 17:34:25.794430"
296	"paid"	99	"Omegle"	"http://www.appannie.com/apps/ios/app/omegle/"	"2015-03-31 17:34:21.445606"	"2015-03-31 17:34:25.805946"
297	"grossing"	99	"Magic Piano by Smule"	"http://www.appannie.com/apps/ios/app/magic-piano-by-smule/"	"2015-03-31 17:34:21.456030"	"2015-03-31 17:34:25.818172"
298	"free"	100	"Flipagram"	"http://www.appannie.com/apps/ios/app/flipagram/"	"2015-03-31 17:34:21.469210"	"2015-03-31 17:34:25.829263"
299	"paid"	100	"Exploration"	"http://www.appannie.com/apps/ios/app/exploration/"	"2015-03-31 17:34:21.478817"	"2015-03-31 17:34:25.842164"
300	"grossing"	100	"Caesars Slots"	"http://www.appannie.com/apps/ios/app/caesars-slots/"	"2015-03-31 17:34:21.488450"	"2015-03-31 17:34:25.854010"
