"id"	"name"	"country"	"average_current"	"total_current"	"average_all"	"total_all"	"current1"	"current2"	"current3"	"current4"	"current5"	"all1"	"all2"	"all3"	"all4"	"all5"	"ranking_id"	"created_at"	"updated_at"
1	"Facebook Messenger"	"United States"	"3.5"	"160"	"3.1"	"160"	"(85)"	"(15)"	"(7)"	"(3)"	"(50)"	"(111,575)"	"(36,304)"	"(13,744)"	"(8,227)"	"(110,686)"	1	"2015-03-31 17:34:38.241370"	"2015-03-31 17:34:38.241370"
2	"Facebook"	"United States"	"3.2"	"1,179"	"3.7"	"1,179"	"(464)"	"(150)"	"(97)"	"(91)"	"(377)"	"(1,492,946)"	"(389,147)"	"(254,745)"	"(173,347)"	"(566,338)"	4	"2015-03-31 17:34:49.368166"	"2015-03-31 17:34:49.368166"
3	"YouTube"	"United States"	"2.6"	"831"	"2.6"	"831"	"(243)"	"(43)"	"(81)"	"(104)"	"(360)"	"(36,705)"	"(12,612)"	"(15,874)"	"(19,058)"	"(65,695)"	7	"2015-03-31 17:35:00.282902"	"2015-03-31 17:35:00.282902"
4	"Instagram"	"United States"	"4.4"	"6,883"	"4.6"	"6,883"	"(4,986)"	"(899)"	"(369)"	"(194)"	"(435)"	"(1,440,997)"	"(231,260)"	"(62,721)"	"(31,211)"	"(74,621)"	10	"2015-03-31 17:35:11.475505"	"2015-03-31 17:35:11.475505"
5	"Snapchat"	"United States"	"2.6"	"252"	"2.6"	"252"	"(65)"	"(19)"	"(29)"	"(26)"	"(113)"	"(31,243)"	"(17,443)"	"(19,236)"	"(16,946)"	"(58,975)"	13	"2015-03-31 17:35:22.544254"	"2015-03-31 17:35:22.544254"
6	"Pandora Radio"	"United States"	"4.7"	"23,584"	"3.9"	"23,584"	"(19,670)"	"(2,701)"	"(507)"	"(276)"	"(430)"	"(544,328)"	"(125,728)"	"(84,872)"	"(52,265)"	"(147,964)"	16	"2015-03-31 17:35:33.504211"	"2015-03-31 17:35:33.504211"
7	"Fast & Furious: Legacy"	"United States"	"4.7"	"3,746"	"4.7"	"3,746"	"(3,112)"	"(336)"	"(83)"	"(64)"	"(151)"	"(3,112)"	"(336)"	"(83)"	"(64)"	"(151)"	19	"2015-03-31 17:35:44.562472"	"2015-03-31 17:35:44.562472"
8	"iMovie"	"United States"	"3.6"	"2,681"	"3.6"	"2,681"	"(1,204)"	"(461)"	"(316)"	"(234)"	"(466)"	"(9,208)"	"(3,890)"	"(2,930)"	"(2,048)"	"(3,963)"	22	"2015-03-31 17:35:55.591506"	"2015-03-31 17:35:55.591506"
9	"Pages"	"United States"	"3.4"	"457"	"3.6"	"457"	"(189)"	"(70)"	"(46)"	"(37)"	"(115)"	"(10,116)"	"(4,406)"	"(3,172)"	"(2,184)"	"(4,050)"	25	"2015-03-31 17:36:06.572220"	"2015-03-31 17:36:06.572220"
10	"Numbers"	"United States"	"3.0"	"150"	"3.3"	"150"	"(55)"	"(13)"	"(14)"	"(16)"	"(52)"	"(2,877)"	"(1,115)"	"(940)"	"(913)"	"(1,821)"	28	"2015-03-31 17:36:17.558158"	"2015-03-31 17:36:17.558158"
11	"iTunes U"	"United States"	"3.7"	"102"	"4.2"	"102"	"(55)"	"(11)"	"(9)"	"(9)"	"(18)"	"(9,123)"	"(2,984)"	"(903)"	"(725)"	"(1,184)"	31	"2015-03-31 17:36:28.733686"	"2015-03-31 17:36:28.733686"
12	"Keynote"	"United States"	"3.8"	"203"	"3.7"	"203"	"(112)"	"(21)"	"(17)"	"(14)"	"(39)"	"(3,959)"	"(1,283)"	"(861)"	"(752)"	"(1,314)"	34	"2015-03-31 17:36:39.751171"	"2015-03-31 17:36:39.751171"
13	"GarageBand"	"United States"	"4.1"	"877"	"4.1"	"877"	"(521)"	"(143)"	"(64)"	"(44)"	"(105)"	"(12,741)"	"(3,022)"	"(1,681)"	"(1,127)"	"(2,153)"	37	"2015-03-31 17:36:50.742144"	"2015-03-31 17:36:50.742144"
14	"Google Maps"	"United States"	"4.5"	"914"	"4.5"	"914"	"(687)"	"(137)"	"(31)"	"(18)"	"(41)"	"(82,812)"	"(13,845)"	"(4,305)"	"(2,944)"	"(5,291)"	40	"2015-03-31 17:37:01.788099"	"2015-03-31 17:37:01.788099"
15	"WhatsApp Messenger"	"United States"	"4.4"	"2,362"	"4.3"	"2,362"	"(1,665)"	"(301)"	"(140)"	"(72)"	"(184)"	"(97,785)"	"(22,368)"	"(8,989)"	"(4,763)"	"(13,848)"	43	"2015-03-31 17:37:12.804212"	"2015-03-31 17:37:12.804212"
16	"Spotify Music"	"United States"	"4.8"	"4,052"	"4.7"	"4,052"	"(3,614)"	"(273)"	"(66)"	"(35)"	"(64)"	"(439,440)"	"(38,947)"	"(9,894)"	"(5,559)"	"(13,867)"	46	"2015-03-31 17:37:24.375210"	"2015-03-31 17:37:24.375210"
17	"Dubsmash"	"United States"	"4.8"	"230"	"4.5"	"230"	"(201)"	"(19)"	"(4)"	"(2)"	"(4)"	"(1,453)"	"(218)"	"(72)"	"(38)"	"(97)"	49	"2015-03-31 17:37:35.266932"	"2015-03-31 17:37:35.266932"
18	"Pinterest"	"United States"	"4.2"	"2,647"	"4.6"	"2,647"	"(1,662)"	"(434)"	"(156)"	"(107)"	"(288)"	"(684,693)"	"(150,623)"	"(38,364)"	"(18,208)"	"(22,158)"	52	"2015-03-31 17:37:46.325151"	"2015-03-31 17:37:46.325151"
19	"Twitter"	"United States"	"3.5"	"333"	"3.6"	"333"	"(143)"	"(50)"	"(33)"	"(28)"	"(79)"	"(146,755)"	"(39,609)"	"(28,028)"	"(21,196)"	"(68,577)"	55	"2015-03-31 17:37:57.593389"	"2015-03-31 17:37:57.593389"
20	"Trivia Crack"	"United States"	"4.5"	"549"	"4.5"	"549"	"(331)"	"(168)"	"(34)"	"(5)"	"(11)"	"(185,081)"	"(89,453)"	"(19,969)"	"(3,788)"	"(4,307)"	58	"2015-03-31 17:38:08.563044"	"2015-03-31 17:38:08.563044"
21	"Netflix"	"United States"	"3.3"	"723"	"3.4"	"723"	"(297)"	"(77)"	"(88)"	"(79)"	"(182)"	"(112,854)"	"(34,187)"	"(27,160)"	"(24,181)"	"(62,246)"	61	"2015-03-31 17:38:19.684654"	"2015-03-31 17:38:19.684654"
22	"Kik"	"United States"	"4.2"	"1,539"	"4.2"	"1,539"	"(967)"	"(270)"	"(129)"	"(59)"	"(114)"	"(126,806)"	"(37,815)"	"(18,324)"	"(8,943)"	"(17,635)"	64	"2015-03-31 17:38:30.695853"	"2015-03-31 17:38:30.695853"
23	"Gmail - email from Google"	"United States"	"4.1"	"1,025"	"4.1"	"1,025"	"(580)"	"(211)"	"(59)"	"(67)"	"(108)"	"(55,674)"	"(19,784)"	"(7,771)"	"(5,082)"	"(8,193)"	67	"2015-03-31 17:38:41.893830"	"2015-03-31 17:38:41.893830"
24	"TIDAL"	"United States"	"3.0"	"223"	"3.2"	"223"	"(96)"	"(11)"	"(13)"	"(14)"	"(89)"	"(155)"	"(30)"	"(30)"	"(25)"	"(114)"	70	"2015-03-31 17:38:52.848006"	"2015-03-31 17:38:52.848006"
25	"Google"	"United States"	"4.4"	"2,522"	"3.7"	"2,522"	"(1,888)"	"(259)"	"(90)"	"(104)"	"(181)"	"(224,501)"	"(66,732)"	"(63,697)"	"(39,986)"	"(72,183)"	73	"2015-03-31 17:39:03.897282"	"2015-03-31 17:39:03.897282"
26	"Mr Jump"	"United States"	"4.5"	"12,023"	"4.5"	"12,023"	"(9,184)"	"(1,547)"	"(423)"	"(254)"	"(615)"	"(9,184)"	"(1,547)"	"(423)"	"(254)"	"(615)"	76	"2015-03-31 17:39:14.758918"	"2015-03-31 17:39:14.758918"
27	"Find My iPhone"	"United States"	"3.6"	"1,192"	"3.2"	"1,192"	"(631)"	"(108)"	"(104)"	"(85)"	"(264)"	"(28,438)"	"(5,401)"	"(5,097)"	"(4,834)"	"(21,371)"	79	"2015-03-31 17:39:25.917469"	"2015-03-31 17:39:25.917469"
28	"Skype for iPhone"	"United States"	"2.3"	"240"	"3.4"	"240"	"(45)"	"(12)"	"(26)"	"(32)"	"(125)"	"(149,665)"	"(44,592)"	"(44,838)"	"(31,131)"	"(92,029)"	82	"2015-03-31 17:39:36.945561"	"2015-03-31 17:39:36.945561"
29	"Curio Quest"	"United States"	"4.6"	"130"	"4.7"	"130"	"(101)"	"(19)"	"(4)"	"(1)"	"(5)"	"(589)"	"(75)"	"(22)"	"(6)"	"(13)"	85	"2015-03-31 17:39:48.848416"	"2015-03-31 17:39:48.848416"
30	"Candy Crush Soda Saga"	"United States"	"4.5"	"2,169"	"4.5"	"2,169"	"(1,485)"	"(451)"	"(119)"	"(54)"	"(60)"	"(59,431)"	"(17,555)"	"(4,854)"	"(2,040)"	"(3,045)"	88	"2015-03-31 17:39:59.901728"	"2015-03-31 17:39:59.901728"
31	"Flinch"	"United States"	"3.0"	"490"	"3.0"	"490"	"(153)"	"(62)"	"(70)"	"(56)"	"(149)"	"(176)"	"(64)"	"(78)"	"(58)"	"(168)"	91	"2015-03-31 17:40:10.909295"	"2015-03-31 17:40:10.909295"
32	"Dictator: Outbreak"	"United States"	"3.6"	"1,064"	"3.8"	"1,064"	"(428)"	"(222)"	"(135)"	"(93)"	"(186)"	"(2,599)"	"(1,404)"	"(740)"	"(375)"	"(753)"	94	"2015-03-31 17:40:21.820495"	"2015-03-31 17:40:21.820495"
33	"iHeartRadio: Free Music & Radio, Streaming AM & FM Stations, NPR, Podcasts, Playlists, Live News, & Sports"	"United States"	"4.6"	"806"	"3.5"	"806"	"(623)"	"(112)"	"(33)"	"(12)"	"(26)"	"(101,985)"	"(30,159)"	"(30,616)"	"(22,564)"	"(46,258)"	97	"2015-03-31 17:40:32.804209"	"2015-03-31 17:40:32.804209"
34	"Crossy Road - Endless Arcade Hopper"	"United States"	"4.7"	"148,360"	"4.8"	"148,360"	"(122,523)"	"(16,128)"	"(4,952)"	"(2,246)"	"(2,511)"	"(321,407)"	"(38,601)"	"(10,732)"	"(4,338)"	"(5,208)"	100	"2015-03-31 17:40:44.824504"	"2015-03-31 17:40:44.824504"
35	"SoundCloud - Music & Audio"	"United States"	"3.8"	"3,459"	"3.8"	"3,459"	"(1,799)"	"(514)"	"(292)"	"(211)"	"(643)"	"(35,034)"	"(9,027)"	"(4,888)"	"(4,094)"	"(11,042)"	103	"2015-03-31 17:40:56.069901"	"2015-03-31 17:40:56.069901"
36	"Kick the Buddy: Second Kick Free"	"United States"	"4.4"	"1,987"	"4.6"	"1,987"	"(1,483)"	"(196)"	"(113)"	"(56)"	"(139)"	"(24,536)"	"(3,292)"	"(1,489)"	"(687)"	"(923)"	106	"2015-03-31 17:41:07.206320"	"2015-03-31 17:41:07.206320"
37	"Amazon App: shop, browse, scan, compare, and read reviews"	"United States"	"3.4"	"120"	"3.7"	"120"	"(55)"	"(12)"	"(11)"	"(7)"	"(35)"	"(46,965)"	"(22,148)"	"(19,340)"	"(9,796)"	"(13,358)"	109	"2015-03-31 17:41:18.163218"	"2015-03-31 17:41:18.163218"
38	"Yahoo Mail - Free Email, News, Weather and more"	"United States"	"3.8"	"850"	"3.9"	"850"	"(418)"	"(191)"	"(67)"	"(41)"	"(133)"	"(23,123)"	"(11,450)"	"(4,049)"	"(2,534)"	"(6,276)"	112	"2015-03-31 17:41:29.155178"	"2015-03-31 17:41:29.155178"
39	"Free Music PLUS - MP3 Music Player"	"United States"	"4.0"	"70"	"3.9"	"70"	"(35)"	"(15)"	"(10)"	"(4)"	"(6)"	"(60)"	"(22)"	"(20)"	"(8)"	"(14)"	115	"2015-03-31 17:41:40.043745"	"2015-03-31 17:41:40.043745"
40	"Clash of Clans"	"United States"	"4.6"	"95,100"	"4.6"	"95,100"	"(76,111)"	"(9,516)"	"(4,282)"	"(2,398)"	"(2,793)"	"(1,060,625)"	"(141,718)"	"(50,182)"	"(26,769)"	"(48,032)"	118	"2015-03-31 17:41:51.519631"	"2015-03-31 17:41:51.519631"
41	"Subway Surfers"	"United States"	"4.3"	"1,636"	"4.5"	"1,636"	"(1,117)"	"(218)"	"(118)"	"(79)"	"(104)"	"(436,820)"	"(72,147)"	"(32,611)"	"(18,555)"	"(25,146)"	121	"2015-03-31 17:42:02.571577"	"2015-03-31 17:42:02.571577"
42	"Uber"	"United States"	""	""	"4.1"	""	""	""	""	""	""	"(11,256)"	"(955)"	"(420)"	"(523)"	"(2,747)"	124	"2015-03-31 17:42:13.677353"	"2015-03-31 17:42:13.677353"
43	"Stickman Rush"	"United States"	"3.5"	"471"	"3.5"	"471"	"(212)"	"(65)"	"(46)"	"(40)"	"(108)"	"(218)"	"(66)"	"(46)"	"(40)"	"(110)"	127	"2015-03-31 17:42:24.615636"	"2015-03-31 17:42:24.615636"
44	"8 Ball Pool™"	"United States"	"4.7"	"1,029"	"4.6"	"1,029"	"(845)"	"(120)"	"(23)"	"(15)"	"(26)"	"(147,416)"	"(28,181)"	"(7,849)"	"(3,565)"	"(7,974)"	130	"2015-03-31 17:42:35.694359"	"2015-03-31 17:42:35.694359"
45	"ZigZag"	"United States"	"4.5"	"21,623"	"4.5"	"21,623"	"(16,017)"	"(2,908)"	"(1,201)"	"(583)"	"(914)"	"(38,639)"	"(7,346)"	"(3,299)"	"(1,459)"	"(2,713)"	133	"2015-03-31 17:42:46.542571"	"2015-03-31 17:42:46.542571"
46	"Free Music Play - MP3 Streamer and Playlist Manager"	"United States"	"4.3"	"570"	"4.4"	"570"	"(400)"	"(54)"	"(48)"	"(30)"	"(38)"	"(1,926)"	"(247)"	"(163)"	"(85)"	"(182)"	136	"2015-03-31 17:42:57.535072"	"2015-03-31 17:42:57.535072"
47	"aa"	"United States"	"4.4"	"5,577"	"4.4"	"5,577"	"(3,860)"	"(819)"	"(432)"	"(215)"	"(251)"	"(54,662)"	"(11,480)"	"(5,559)"	"(2,707)"	"(3,583)"	139	"2015-03-31 17:43:08.916798"	"2015-03-31 17:43:08.916798"
48	"Periscope"	"United States"	"4.1"	"518"	"4.1"	"518"	"(306)"	"(89)"	"(39)"	"(24)"	"(60)"	"(306)"	"(89)"	"(39)"	"(24)"	"(60)"	142	"2015-03-31 17:43:19.993667"	"2015-03-31 17:43:19.993667"
49	"Candy Crush Saga"	"United States"	"4.5"	"3,651"	"4.1"	"3,651"	"(2,567)"	"(694)"	"(194)"	"(74)"	"(122)"	"(399,419)"	"(141,887)"	"(61,782)"	"(34,212)"	"(58,701)"	145	"2015-03-31 17:43:31.371514"	"2015-03-31 17:43:31.371514"
50	"Waze Social GPS, Maps & Traffic"	"United States"	"4.6"	"14,025"	"4.5"	"14,025"	"(10,912)"	"(2,054)"	"(379)"	"(232)"	"(448)"	"(147,766)"	"(31,362)"	"(7,623)"	"(4,814)"	"(8,267)"	148	"2015-03-31 17:43:42.385490"	"2015-03-31 17:43:42.385490"
51	"Chrome - web browser by Google"	"United States"	"2.8"	"161"	"3.5"	"161"	"(51)"	"(9)"	"(15)"	"(27)"	"(59)"	"(21,318)"	"(5,214)"	"(4,451)"	"(4,260)"	"(11,066)"	151	"2015-03-31 17:43:53.316878"	"2015-03-31 17:43:53.316878"
52	"Vine"	"United States"	"3.9"	"312"	"3.9"	"312"	"(184)"	"(34)"	"(29)"	"(15)"	"(50)"	"(34,885)"	"(10,178)"	"(5,821)"	"(3,394)"	"(9,588)"	154	"2015-03-31 17:44:04.631627"	"2015-03-31 17:44:04.631627"
53	"Dropbox"	"United States"	"3.8"	"115"	"3.7"	"115"	"(64)"	"(11)"	"(11)"	"(10)"	"(19)"	"(21,838)"	"(7,227)"	"(4,790)"	"(3,459)"	"(7,979)"	157	"2015-03-31 17:44:15.710599"	"2015-03-31 17:44:15.710599"
54	"Viber"	"United States"	"4.5"	"3,383"	"4.4"	"3,383"	"(2,483)"	"(533)"	"(157)"	"(67)"	"(143)"	"(90,705)"	"(19,715)"	"(6,623)"	"(3,455)"	"(10,331)"	160	"2015-03-31 17:44:26.856357"	"2015-03-31 17:44:26.856357"
55	"Musify - Free Music Streamer and Media Player for Jamendo®. Download Now!"	"United States"	"4.6"	"430"	"4.6"	"430"	"(337)"	"(44)"	"(21)"	"(14)"	"(14)"	"(337)"	"(44)"	"(21)"	"(14)"	"(14)"	163	"2015-03-31 17:44:37.721605"	"2015-03-31 17:44:37.721605"
56	"Despicable Me: Minion Rush"	"United States"	"4.4"	"1,608"	"4.7"	"1,608"	"(1,160)"	"(196)"	"(88)"	"(52)"	"(112)"	"(331,111)"	"(36,760)"	"(12,490)"	"(7,141)"	"(12,511)"	166	"2015-03-31 17:44:48.743340"	"2015-03-31 17:44:48.743340"
57	"Shazam"	"United States"	"4.6"	"196"	"3.7"	"196"	"(156)"	"(24)"	"(4)"	"(2)"	"(10)"	"(197,419)"	"(52,679)"	"(41,161)"	"(25,087)"	"(71,562)"	169	"2015-03-31 17:45:00.150720"	"2015-03-31 17:45:00.150720"
58	"The Weather Channel and weather.com - local forecasts, radar, and storm tracking"	"United States"	"4.1"	"615"	"3.5"	"615"	"(333)"	"(143)"	"(43)"	"(32)"	"(64)"	"(168,419)"	"(76,833)"	"(61,540)"	"(35,903)"	"(76,696)"	172	"2015-03-31 17:45:11.105278"	"2015-03-31 17:45:11.105278"
59	"Calorie Counter & Diet Tracker by MyFitnessPal"	"United States"	"4.8"	"1,873"	"4.7"	"1,873"	"(1,567)"	"(243)"	"(38)"	"(11)"	"(14)"	"(367,619)"	"(50,186)"	"(9,326)"	"(5,231)"	"(10,761)"	175	"2015-03-31 17:45:22.310747"	"2015-03-31 17:45:22.310747"
60	"eBay"	"United States"	"3.9"	"916"	"3.9"	"916"	"(505)"	"(150)"	"(62)"	"(52)"	"(147)"	"(117,597)"	"(36,949)"	"(29,029)"	"(13,410)"	"(26,047)"	178	"2015-03-31 17:45:33.317192"	"2015-03-31 17:45:33.317192"
61	"RetailMeNot Coupons"	"United States"	"4.6"	"319"	"4.6"	"319"	"(252)"	"(40)"	"(8)"	"(10)"	"(9)"	"(9,072)"	"(2,043)"	"(417)"	"(180)"	"(416)"	181	"2015-03-31 17:45:44.228240"	"2015-03-31 17:45:44.228240"
62	"Beats Music"	"United States"	"4.4"	"5,386"	"4.1"	"5,386"	"(3,747)"	"(779)"	"(313)"	"(183)"	"(364)"	"(9,746)"	"(2,092)"	"(1,136)"	"(784)"	"(1,920)"	184	"2015-03-31 17:45:55.180409"	"2015-03-31 17:45:55.180409"
63	"Yelp"	"United States"	"3.4"	"20"	"3.8"	"20"	"(9)"	"(3)"	"(1)"	"(1)"	"(6)"	"(90,264)"	"(36,983)"	"(22,927)"	"(16,258)"	"(27,582)"	187	"2015-03-31 17:46:06.823367"	"2015-03-31 17:46:06.823367"
64	"ZEDGE™ Ringtones & Wallpapers"	"United States"	"2.8"	"13"	"4.2"	"13"	"(5)"	"(1)"	"(0)"	"(1)"	"(6)"	"(4,560)"	"(1,087)"	"(449)"	"(301)"	"(755)"	190	"2015-03-31 17:46:17.913033"	"2015-03-31 17:46:17.913033"
65	"Wallapop"	"United States"	"4.6"	"147"	"4.5"	"147"	"(117)"	"(16)"	"(5)"	"(3)"	"(6)"	"(165)"	"(22)"	"(8)"	"(5)"	"(15)"	193	"2015-03-31 17:46:28.981341"	"2015-03-31 17:46:28.981341"
66	"Bible"	"United States"	"4.9"	"3,308"	"4.7"	"3,308"	"(2,988)"	"(235)"	"(42)"	"(15)"	"(28)"	"(627,150)"	"(65,171)"	"(22,316)"	"(11,847)"	"(23,484)"	196	"2015-03-31 17:46:39.971914"	"2015-03-31 17:46:39.971914"
67	"Temple Run 2"	"United States"	"4.3"	"898"	"4.3"	"898"	"(596)"	"(133)"	"(63)"	"(57)"	"(49)"	"(160,583)"	"(36,110)"	"(18,534)"	"(10,622)"	"(15,365)"	199	"2015-03-31 17:46:50.955925"	"2015-03-31 17:46:50.955925"
68	"Google Translate"	"United States"	"3.9"	"84"	"3.6"	"84"	"(51)"	"(7)"	"(7)"	"(7)"	"(12)"	"(11,836)"	"(3,190)"	"(2,087)"	"(1,467)"	"(5,581)"	202	"2015-03-31 17:47:01.850519"	"2015-03-31 17:47:01.850519"
69	"Free Music on iPhone - Listen to Youtube Music, Radio, Playlist, MP3 & Video Clip in Audio Streaming Player"	"United States"	"4.6"	"555"	"4.6"	"555"	"(392)"	"(110)"	"(39)"	"(5)"	"(9)"	"(1,330)"	"(326)"	"(116)"	"(20)"	"(35)"	205	"2015-03-31 17:47:12.890285"	"2015-03-31 17:47:12.890285"
70	"Snap Upload (Send photos & videos to snapchat)"	"United States"	"3.3"	"726"	"4.5"	"726"	"(366)"	"(33)"	"(44)"	"(46)"	"(237)"	"(2,403)"	"(98)"	"(73)"	"(59)"	"(287)"	208	"2015-03-31 17:47:23.794736"	"2015-03-31 17:47:23.794736"
71	"Fitbit"	"United States"	"3.6"	"960"	"4.0"	"960"	"(400)"	"(195)"	"(85)"	"(95)"	"(185)"	"(21,295)"	"(7,987)"	"(2,546)"	"(2,157)"	"(4,505)"	211	"2015-03-31 17:47:35.989614"	"2015-03-31 17:47:35.989614"
72	"Tango - Free Text, Video & Voice Calling"	"United States"	"4.0"	"70"	"4.4"	"70"	"(42)"	"(8)"	"(6)"	"(6)"	"(8)"	"(45,296)"	"(10,500)"	"(3,880)"	"(1,975)"	"(3,782)"	214	"2015-03-31 17:47:47.038256"	"2015-03-31 17:47:47.038256"
73	"myAT&T"	"United States"	"2.1"	"862"	"3.1"	"862"	"(161)"	"(42)"	"(38)"	"(68)"	"(553)"	"(32,606)"	"(11,495)"	"(12,300)"	"(8,378)"	"(27,273)"	217	"2015-03-31 17:47:57.957242"	"2015-03-31 17:47:57.957242"
74	"Comedy Central"	"United States"	"2.2"	"142"	"3.1"	"142"	"(30)"	"(6)"	"(8)"	"(17)"	"(81)"	"(560)"	"(132)"	"(134)"	"(139)"	"(518)"	220	"2015-03-31 17:48:08.920440"	"2015-03-31 17:48:08.920440"
75	"Starbucks"	"United States"	"2.3"	"92"	"3.7"	"92"	"(12)"	"(12)"	"(11)"	"(15)"	"(42)"	"(65,175)"	"(18,115)"	"(13,869)"	"(10,527)"	"(21,176)"	223	"2015-03-31 17:48:19.816666"	"2015-03-31 17:48:19.816666"
76	"Expresser Keyboard"	"United States"	"4.3"	"97"	"4.2"	"97"	"(69)"	"(12)"	"(4)"	"(2)"	"(10)"	"(105)"	"(16)"	"(9)"	"(3)"	"(19)"	226	"2015-03-31 17:48:30.712862"	"2015-03-31 17:48:30.712862"
77	"Diamond Quest!"	"United States"	"4.3"	"95"	"4.3"	"95"	"(68)"	"(11)"	"(4)"	"(4)"	"(8)"	"(68)"	"(11)"	"(4)"	"(4)"	"(8)"	229	"2015-03-31 17:48:41.713555"	"2015-03-31 17:48:41.713555"
78	"Jelly Jump"	"United States"	"4.6"	"4,457"	"4.6"	"4,457"	"(3,498)"	"(552)"	"(223)"	"(94)"	"(90)"	"(14,136)"	"(2,572)"	"(1,060)"	"(424)"	"(494)"	232	"2015-03-31 17:48:52.612382"	"2015-03-31 17:48:52.612382"
79	"Tinder"	"United States"	"1.8"	"10,124"	"3.6"	"10,124"	"(1,080)"	"(600)"	"(633)"	"(475)"	"(7,336)"	"(33,694)"	"(20,985)"	"(10,512)"	"(3,931)"	"(16,241)"	235	"2015-03-31 17:49:03.852625"	"2015-03-31 17:49:03.852625"
80	"Google Drive - free online storage from Google"	"United States"	"4.9"	"65"	"3.9"	"65"	"(58)"	"(6)"	"(1)"	"(0)"	"(0)"	"(12,758)"	"(3,659)"	"(2,071)"	"(1,553)"	"(3,509)"	238	"2015-03-31 17:49:14.837714"	"2015-03-31 17:49:14.837714"
81	"Photo Grid - Collage Maker & FX Editor"	"United States"	"4.9"	"1,882"	"4.7"	"1,882"	"(1,729)"	"(124)"	"(16)"	"(7)"	"(6)"	"(17,171)"	"(2,994)"	"(579)"	"(211)"	"(318)"	241	"2015-03-31 17:49:25.886948"	"2015-03-31 17:49:25.886948"
82	"QR Reader for iPhone"	"United States"	""	""	"3.9"	""	""	""	""	""	""	"(7,076)"	"(1,818)"	"(568)"	"(466)"	"(2,341)"	244	"2015-03-31 17:49:36.964297"	"2015-03-31 17:49:36.964297"
83	"ooVoo – Free Video Call, Text and Voice"	"United States"	"4.7"	"1,037"	"4.3"	"1,037"	"(851)"	"(99)"	"(36)"	"(17)"	"(34)"	"(66,359)"	"(13,259)"	"(6,763)"	"(3,663)"	"(7,234)"	247	"2015-03-31 17:49:47.924500"	"2015-03-31 17:49:47.924500"
84	"94%"	"United States"	"4.4"	"518"	"4.6"	"518"	"(356)"	"(87)"	"(41)"	"(12)"	"(22)"	"(1,693)"	"(388)"	"(130)"	"(40)"	"(48)"	250	"2015-03-31 17:49:58.864392"	"2015-03-31 17:49:58.864392"
85	"Pic Collage - Add photo, video, text, animated GIF effects with image editors, filters, layouts, and templates. Happy Easter!"	"United States"	"4.7"	"150"	"4.8"	"150"	"(120)"	"(22)"	"(5)"	"(0)"	"(3)"	"(81,834)"	"(8,931)"	"(1,991)"	"(738)"	"(1,218)"	253	"2015-03-31 17:50:10.057998"	"2015-03-31 17:50:10.057998"
86	"InstaSize - Post Entire Photos on Social Media"	"United States"	"4.6"	"508"	"4.0"	"508"	"(389)"	"(72)"	"(26)"	"(9)"	"(12)"	"(2,546)"	"(684)"	"(352)"	"(282)"	"(531)"	256	"2015-03-31 17:50:20.999021"	"2015-03-31 17:50:20.999021"
87	"LinkedIn"	"United States"	"4.1"	"585"	"3.4"	"585"	"(345)"	"(110)"	"(41)"	"(32)"	"(57)"	"(20,433)"	"(11,218)"	"(7,675)"	"(6,278)"	"(11,644)"	259	"2015-03-31 17:50:31.959014"	"2015-03-31 17:50:31.959014"
88	"Sniper 3D Assassin: Shoot to Kill - by Fun Games For Free"	"United States"	"4.8"	"56,478"	"4.8"	"56,478"	"(49,482)"	"(3,929)"	"(1,477)"	"(851)"	"(739)"	"(88,412)"	"(7,049)"	"(2,533)"	"(1,393)"	"(1,232)"	262	"2015-03-31 17:50:42.957324"	"2015-03-31 17:50:42.957324"
107	"Buddyman: Ninja Kick 2"	"United States"	"3.9"	"277"	"4.0"	"277"	"(164)"	"(32)"	"(22)"	"(15)"	"(44)"	"(172)"	"(35)"	"(22)"	"(15)"	"(44)"	265	"2015-03-31 17:59:32.032677"	"2015-03-31 17:59:32.032677"
108	"FINAL FANTASY Record Keeper"	"United States"	"4.8"	"3,919"	"4.8"	"3,919"	"(3,377)"	"(405)"	"(66)"	"(15)"	"(56)"	"(3,377)"	"(405)"	"(66)"	"(15)"	"(56)"	268	"2015-03-31 17:59:42.927612"	"2015-03-31 17:59:42.927612"
109	"Cooking Fever"	"United States"	"4.4"	"17,290"	"4.4"	"17,290"	"(11,658)"	"(2,860)"	"(1,252)"	"(610)"	"(910)"	"(22,760)"	"(5,550)"	"(2,441)"	"(1,214)"	"(1,702)"	271	"2015-03-31 17:59:53.817865"	"2015-03-31 17:59:53.817865"
110	"Chase Mobile℠"	"United States"	"3.1"	"945"	"3.8"	"945"	"(283)"	"(149)"	"(139)"	"(139)"	"(235)"	"(56,069)"	"(15,007)"	"(8,520)"	"(5,478)"	"(17,462)"	274	"2015-03-31 18:00:04.784012"	"2015-03-31 18:00:04.784012"
111	"Tumblr"	"United States"	"4.0"	"463"	"4.3"	"463"	"(257)"	"(86)"	"(36)"	"(42)"	"(42)"	"(172,231)"	"(45,781)"	"(18,755)"	"(10,366)"	"(17,106)"	277	"2015-03-31 18:00:15.857117"	"2015-03-31 18:00:15.857117"
112	"Bank of America - Mobile Banking"	"United States"	"3.5"	"38"	"3.3"	"38"	"(7)"	"(14)"	"(12)"	"(2)"	"(3)"	"(37,129)"	"(12,574)"	"(11,438)"	"(8,175)"	"(26,794)"	280	"2015-03-31 18:00:26.749001"	"2015-03-31 18:00:26.749001"
113	"iMusic Video Tube For YouTube - Background Music & Video Player"	"United States"	"4.3"	"2,022"	"4.4"	"2,022"	"(1,215)"	"(403)"	"(210)"	"(85)"	"(109)"	"(3,704)"	"(1,077)"	"(503)"	"(199)"	"(240)"	283	"2015-03-31 18:00:37.814892"	"2015-03-31 18:00:37.814892"
114	"Plants vs. Zombies™ 2"	"United States"	"4.4"	"1,534"	"4.3"	"1,534"	"(1,130)"	"(161)"	"(85)"	"(42)"	"(116)"	"(138,718)"	"(26,505)"	"(11,821)"	"(7,483)"	"(17,160)"	286	"2015-03-31 18:00:48.817979"	"2015-03-31 18:00:48.817979"
115	"Magic Piano by Smule"	"United States"	"3.8"	"381"	"4.3"	"381"	"(188)"	"(65)"	"(41)"	"(34)"	"(53)"	"(70,080)"	"(19,675)"	"(8,118)"	"(4,262)"	"(6,881)"	289	"2015-03-31 18:01:00.107964"	"2015-03-31 18:01:00.107964"
116	"Walmart - Savings Catcher, Shopping and Pharmacy App"	"United States"	"4.0"	"494"	"3.1"	"494"	"(292)"	"(83)"	"(29)"	"(26)"	"(64)"	"(19,940)"	"(6,383)"	"(7,655)"	"(7,396)"	"(17,679)"	292	"2015-03-31 18:01:11.132708"	"2015-03-31 18:01:11.132708"
117	"Google Earth"	"United States"	"3.5"	"4,854"	"3.7"	"4,854"	"(2,190)"	"(631)"	"(598)"	"(495)"	"(940)"	"(194,035)"	"(75,668)"	"(72,994)"	"(41,244)"	"(61,068)"	295	"2015-03-31 18:01:21.984019"	"2015-03-31 18:01:21.984019"
118	"Flipagram"	"United States"	"4.4"	"192"	"4.7"	"192"	"(137)"	"(25)"	"(10)"	"(5)"	"(15)"	"(46,738)"	"(5,057)"	"(1,300)"	"(715)"	"(1,331)"	298	"2015-03-31 18:01:33.068927"	"2015-03-31 18:01:33.068927"
119	"Minecraft – Pocket Edition"	"United States"	"4.4"	"33,020"	"4.4"	"33,020"	"(24,123)"	"(3,760)"	"(1,841)"	"(1,085)"	"(2,211)"	"(243,149)"	"(48,935)"	"(24,101)"	"(12,352)"	"(21,116)"	2	"2015-03-31 18:01:59.093499"	"2015-03-31 18:01:59.093499"
120	"Five Nights at Freddy's 3"	"United States"	"4.6"	"1,383"	"4.7"	"1,383"	"(1,151)"	"(94)"	"(49)"	"(20)"	"(69)"	"(5,136)"	"(336)"	"(129)"	"(74)"	"(182)"	5	"2015-03-31 18:02:09.941157"	"2015-03-31 18:02:09.941157"
121	"Heads Up!"	"United States"	"4.4"	"81"	"4.3"	"81"	"(64)"	"(3)"	"(4)"	"(0)"	"(10)"	"(3,940)"	"(524)"	"(281)"	"(199)"	"(493)"	8	"2015-03-31 18:02:21.138505"	"2015-03-31 18:02:21.138505"
122	"Enlight"	"United States"	"4.7"	"629"	"4.7"	"629"	"(528)"	"(49)"	"(22)"	"(14)"	"(16)"	"(623)"	"(54)"	"(26)"	"(16)"	"(21)"	11	"2015-03-31 18:02:32.210446"	"2015-03-31 18:02:32.210446"
123	"Afterlight"	"United States"	"4.8"	"954"	"4.7"	"954"	"(838)"	"(68)"	"(17)"	"(11)"	"(20)"	"(9,874)"	"(1,039)"	"(262)"	"(166)"	"(229)"	14	"2015-03-31 18:02:43.187287"	"2015-03-31 18:02:43.187287"
124	"Trivia Crack (Ad Free)"	"United States"	"4.4"	"799"	"4.5"	"799"	"(517)"	"(177)"	"(69)"	"(16)"	"(20)"	"(33,608)"	"(14,509)"	"(3,296)"	"(558)"	"(491)"	17	"2015-03-31 18:02:54.323910"	"2015-03-31 18:02:54.323910"
125	"Facetune"	"United States"	"4.8"	"1,279"	"4.8"	"1,279"	"(1,146)"	"(68)"	"(20)"	"(11)"	"(34)"	"(4,422)"	"(285)"	"(64)"	"(41)"	"(106)"	20	"2015-03-31 18:03:05.456524"	"2015-03-31 18:03:05.456524"
126	"Five Nights at Freddy's"	"United States"	"4.2"	"20,183"	"4.2"	"20,183"	"(14,159)"	"(1,913)"	"(941)"	"(706)"	"(2,464)"	"(14,159)"	"(1,913)"	"(941)"	"(706)"	"(2,464)"	23	"2015-03-31 18:03:16.505315"	"2015-03-31 18:03:16.505315"
127	"NBA JAM by EA SPORTS™"	"United States"	"3.2"	"446"	"4.0"	"446"	"(178)"	"(61)"	"(34)"	"(29)"	"(144)"	"(9,904)"	"(2,763)"	"(1,521)"	"(961)"	"(2,144)"	26	"2015-03-31 18:03:27.478436"	"2015-03-31 18:03:27.478436"
128	"NBA 2K15"	"United States"	"2.6"	"429"	"2.5"	"429"	"(129)"	"(36)"	"(26)"	"(17)"	"(221)"	"(2,632)"	"(677)"	"(645)"	"(722)"	"(4,907)"	29	"2015-03-31 18:03:38.501848"	"2015-03-31 18:03:38.501848"
129	"Geometry Dash"	"United States"	"4.8"	"15,815"	"4.9"	"15,815"	"(14,027)"	"(1,269)"	"(248)"	"(77)"	"(194)"	"(103,691)"	"(8,944)"	"(1,518)"	"(468)"	"(890)"	32	"2015-03-31 18:03:49.575972"	"2015-03-31 18:03:49.575972"
130	"THE GAME OF LIFE Classic Edition"	"United States"	"3.3"	"136"	"3.7"	"136"	"(48)"	"(24)"	"(17)"	"(15)"	"(32)"	"(9,679)"	"(3,182)"	"(2,880)"	"(1,817)"	"(2,919)"	35	"2015-03-31 18:04:00.536052"	"2015-03-31 18:04:00.536052"
131	"Five Nights at Freddy's 2"	"United States"	"4.5"	"13,077"	"4.5"	"13,077"	"(10,114)"	"(1,198)"	"(469)"	"(315)"	"(981)"	"(10,114)"	"(1,198)"	"(469)"	"(315)"	"(981)"	38	"2015-03-31 18:04:11.416288"	"2015-03-31 18:04:11.416288"
132	"Cut the Rope"	"United States"	"4.4"	"80"	"4.8"	"80"	"(55)"	"(12)"	"(5)"	"(4)"	"(4)"	"(237,389)"	"(23,716)"	"(4,347)"	"(1,862)"	"(3,686)"	41	"2015-03-31 18:04:22.465237"	"2015-03-31 18:04:22.465237"
133	"7 Minute Workout Challenge"	"United States"	"4.8"	"1,100"	"4.8"	"1,100"	"(936)"	"(124)"	"(13)"	"(6)"	"(21)"	"(1,498)"	"(210)"	"(26)"	"(10)"	"(35)"	44	"2015-03-31 18:04:33.484148"	"2015-03-31 18:04:33.484148"
134	"Videoshop - Video Editor"	"United States"	"4.8"	"923"	"4.7"	"923"	"(818)"	"(65)"	"(13)"	"(10)"	"(17)"	"(18,595)"	"(2,059)"	"(637)"	"(329)"	"(701)"	47	"2015-03-31 18:04:44.636221"	"2015-03-31 18:04:44.636221"
135	"Swype"	"United States"	"2.8"	"272"	"2.9"	"272"	"(65)"	"(37)"	"(39)"	"(43)"	"(88)"	"(1,210)"	"(766)"	"(875)"	"(789)"	"(1,454)"	50	"2015-03-31 18:04:55.547328"	"2015-03-31 18:04:55.547328"
136	"Sleep Cycle alarm clock"	"United States"	"4.7"	"1,949"	"4.6"	"1,949"	"(1,560)"	"(307)"	"(40)"	"(14)"	"(28)"	"(55,645)"	"(13,447)"	"(2,748)"	"(1,302)"	"(2,038)"	53	"2015-03-31 18:05:06.567367"	"2015-03-31 18:05:06.567367"
137	"Bloons TD 5"	"United States"	"4.7"	"151"	"4.7"	"151"	"(127)"	"(11)"	"(6)"	"(3)"	"(4)"	"(28,395)"	"(2,616)"	"(819)"	"(440)"	"(867)"	56	"2015-03-31 18:05:17.521732"	"2015-03-31 18:05:17.521732"
138	"Plague Inc."	"United States"	"4.8"	"3,406"	"4.7"	"3,406"	"(2,891)"	"(349)"	"(87)"	"(33)"	"(46)"	"(104,313)"	"(15,914)"	"(3,676)"	"(1,637)"	"(2,677)"	59	"2015-03-31 18:05:28.653957"	"2015-03-31 18:05:28.653957"
139	"Filters for iPhone"	"United States"	"4.5"	"52"	"4.5"	"52"	"(39)"	"(7)"	"(2)"	"(1)"	"(3)"	"(39)"	"(7)"	"(2)"	"(1)"	"(3)"	62	"2015-03-31 18:05:39.547196"	"2015-03-31 18:05:39.547196"
140	"Scholly: Scholarship Search"	"United States"	"4.0"	"68"	"3.5"	"68"	"(43)"	"(3)"	"(9)"	"(3)"	"(10)"	"(183)"	"(24)"	"(36)"	"(28)"	"(95)"	65	"2015-03-31 18:05:50.499066"	"2015-03-31 18:05:50.499066"
141	"Color Splash"	"United States"	"4.9"	"20"	"3.8"	"20"	"(18)"	"(2)"	"(0)"	"(0)"	"(0)"	"(14,755)"	"(4,032)"	"(3,652)"	"(2,487)"	"(4,423)"	68	"2015-03-31 18:06:01.493414"	"2015-03-31 18:06:01.493414"
142	"Terraria"	"United States"	"4.6"	"12,784"	"4.5"	"12,784"	"(10,384)"	"(1,172)"	"(486)"	"(244)"	"(498)"	"(36,686)"	"(5,503)"	"(2,332)"	"(1,278)"	"(2,892)"	71	"2015-03-31 18:06:12.392089"	"2015-03-31 18:06:12.392089"
143	"Emoji ;)"	"United States"	"4.3"	"225"	"4.0"	"225"	"(142)"	"(42)"	"(21)"	"(6)"	"(14)"	"(1,377)"	"(470)"	"(170)"	"(69)"	"(358)"	74	"2015-03-31 18:06:23.427630"	"2015-03-31 18:06:23.427630"
144	"MONOPOLY Game"	"United States"	"2.5"	"403"	"3.4"	"403"	"(82)"	"(46)"	"(47)"	"(53)"	"(175)"	"(10,205)"	"(3,146)"	"(2,903)"	"(2,313)"	"(5,406)"	77	"2015-03-31 18:06:34.506230"	"2015-03-31 18:06:34.506230"
145	"My Baby's Beat - Hear baby heartbeat sound"	"United States"	"3.6"	"170"	"3.2"	"170"	"(91)"	"(20)"	"(4)"	"(5)"	"(50)"	"(425)"	"(129)"	"(25)"	"(22)"	"(391)"	80	"2015-03-31 18:06:45.490315"	"2015-03-31 18:06:45.490315"
146	"Emoji Keypad - New Emojis and Color Keyboard for iOS 8"	"United States"	"4.1"	"173"	"4.4"	"173"	"(112)"	"(22)"	"(8)"	"(6)"	"(25)"	"(706)"	"(170)"	"(53)"	"(18)"	"(61)"	83	"2015-03-31 18:06:56.484257"	"2015-03-31 18:06:56.484257"
147	"HotSchedules"	"United States"	"2.3"	"10"	"3.4"	"10"	"(1)"	"(2)"	"(1)"	"(1)"	"(5)"	"(1,109)"	"(436)"	"(263)"	"(208)"	"(713)"	86	"2015-03-31 18:07:07.554266"	"2015-03-31 18:07:07.554266"
148	"Akinator the Genie"	"United States"	""	""	"4.7"	""	""	""	""	""	""	"(13,263)"	"(1,299)"	"(478)"	"(253)"	"(547)"	89	"2015-03-31 18:07:18.586661"	"2015-03-31 18:07:18.586661"
149	"Ultimate Guitar Tabs - largest catalog of songs with guitar and ukulele chords, tabs, lyrics and guitar lessons"	"United States"	"4.4"	"1,752"	"4.4"	"1,752"	"(1,314)"	"(203)"	"(53)"	"(43)"	"(139)"	"(17,463)"	"(2,847)"	"(783)"	"(525)"	"(2,299)"	92	"2015-03-31 18:07:29.607173"	"2015-03-31 18:07:29.607173"
150	"Monument Valley"	"United States"	"4.1"	"2,949"	"4.5"	"2,949"	"(1,837)"	"(250)"	"(344)"	"(273)"	"(245)"	"(12,910)"	"(1,318)"	"(1,069)"	"(681)"	"(746)"	95	"2015-03-31 18:07:40.627725"	"2015-03-31 18:07:40.627725"
151	"Goat Simulator"	"United States"	"4.5"	"3,084"	"4.4"	"3,084"	"(2,364)"	"(314)"	"(115)"	"(96)"	"(195)"	"(10,948)"	"(1,545)"	"(605)"	"(366)"	"(1,174)"	98	"2015-03-31 18:07:51.606805"	"2015-03-31 18:07:51.606805"
152	"True Skate"	"United States"	"4.1"	"114"	"4.2"	"114"	"(71)"	"(12)"	"(16)"	"(7)"	"(8)"	"(3,888)"	"(1,069)"	"(500)"	"(298)"	"(496)"	101	"2015-03-31 18:08:02.582789"	"2015-03-31 18:08:02.582789"
153	"Angry Birds"	"United States"	"3.8"	"950"	"4.6"	"950"	"(474)"	"(157)"	"(107)"	"(93)"	"(119)"	"(635,924)"	"(97,634)"	"(40,936)"	"(19,617)"	"(26,820)"	104	"2015-03-31 18:08:13.783300"	"2015-03-31 18:08:13.783300"
154	"Pimp Your Screen - Custom Themes, Backgrounds and Wallpapers for iPhone, iPod touch and iPad"	"United States"	"4.5"	"985"	"4.4"	"985"	"(715)"	"(159)"	"(34)"	"(24)"	"(53)"	"(2,285)"	"(560)"	"(122)"	"(75)"	"(192)"	107	"2015-03-31 18:08:24.902244"	"2015-03-31 18:08:24.902244"
155	"Camera+"	"United States"	"4.4"	"65"	"4.0"	"65"	"(51)"	"(3)"	"(2)"	"(1)"	"(8)"	"(18,906)"	"(4,154)"	"(1,955)"	"(1,554)"	"(4,180)"	110	"2015-03-31 18:08:36.680795"	"2015-03-31 18:08:36.680795"
156	"Couch to 5K® - Running App, Training Coach and GPS Tracker"	"United States"	"4.4"	"302"	"4.4"	"302"	"(195)"	"(66)"	"(25)"	"(5)"	"(11)"	"(1,476)"	"(341)"	"(133)"	"(90)"	"(110)"	113	"2015-03-31 18:08:47.914202"	"2015-03-31 18:08:47.914202"
157	"Instant Blood Pressure - Monitor Blood Pressure Using Only Your Phone"	"United States"	"3.4"	"405"	"3.2"	"405"	"(200)"	"(33)"	"(16)"	"(21)"	"(135)"	"(325)"	"(56)"	"(25)"	"(38)"	"(270)"	116	"2015-03-31 18:08:58.850050"	"2015-03-31 18:08:58.850050"
158	"Sky Guide: View Stars Night or Day"	"United States"	"4.8"	"59"	"4.9"	"59"	"(54)"	"(3)"	"(0)"	"(1)"	"(1)"	"(10,468)"	"(656)"	"(129)"	"(71)"	"(120)"	119	"2015-03-31 18:09:09.849005"	"2015-03-31 18:09:09.849005"
159	"TurboScan: quickly scan multipage documents into high-quality PDFs"	"United States"	"4.9"	"2,501"	"4.8"	"2,501"	"(2,355)"	"(117)"	"(14)"	"(5)"	"(10)"	"(15,330)"	"(1,375)"	"(212)"	"(137)"	"(333)"	122	"2015-03-31 18:09:20.973630"	"2015-03-31 18:09:20.973630"
160	"Downloads — Downloader & Download Manager"	"United States"	"3.4"	"441"	"4.3"	"441"	"(188)"	"(50)"	"(58)"	"(39)"	"(106)"	"(9,919)"	"(1,777)"	"(691)"	"(440)"	"(1,249)"	125	"2015-03-31 18:09:31.895172"	"2015-03-31 18:09:31.895172"
161	"Fitness Buddy : 1700+ Exercise Workout Trainer and Workout Journal"	"United States"	"4.3"	"645"	"4.5"	"645"	"(434)"	"(99)"	"(30)"	"(25)"	"(57)"	"(6,238)"	"(1,660)"	"(391)"	"(183)"	"(264)"	128	"2015-03-31 18:09:42.876913"	"2015-03-31 18:09:42.876913"
162	"The Wonder Weeks"	"United States"	""	""	"2.8"	""	""	""	""	""	""	"(44)"	"(23)"	"(16)"	"(27)"	"(59)"	131	"2015-03-31 18:09:53.803381"	"2015-03-31 18:09:53.803381"
163	"Grand Theft Auto: San Andreas"	"United States"	"4.0"	"2,806"	"3.7"	"2,806"	"(1,668)"	"(386)"	"(247)"	"(156)"	"(349)"	"(9,606)"	"(2,360)"	"(2,047)"	"(1,560)"	"(3,622)"	134	"2015-03-31 18:10:04.859735"	"2015-03-31 18:10:04.859735"
164	"Doodle Jump"	"United States"	"4.4"	"364"	"4.6"	"364"	"(241)"	"(64)"	"(32)"	"(17)"	"(10)"	"(311,071)"	"(38,710)"	"(21,361)"	"(10,893)"	"(13,081)"	137	"2015-03-31 18:10:16.122939"	"2015-03-31 18:10:16.122939"
165	"Plants vs. Zombies"	"United States"	"4.4"	"4,945"	"4.8"	"4,945"	"(3,469)"	"(703)"	"(341)"	"(186)"	"(246)"	"(386,339)"	"(19,950)"	"(7,605)"	"(4,749)"	"(6,354)"	140	"2015-03-31 18:10:27.098021"	"2015-03-31 18:10:27.098021"
166	"21 Day Companion - fix the way you track your progress"	"United States"	"4.5"	"26"	"3.9"	"26"	"(18)"	"(5)"	"(2)"	"(1)"	"(0)"	"(35)"	"(13)"	"(9)"	"(3)"	"(10)"	143	"2015-03-31 18:10:38.146508"	"2015-03-31 18:10:38.146508"
167	"Scanner Pro by Readdle"	"United States"	"4.8"	"685"	"4.5"	"685"	"(596)"	"(59)"	"(9)"	"(9)"	"(12)"	"(14,179)"	"(2,115)"	"(494)"	"(407)"	"(1,067)"	146	"2015-03-31 18:10:49.379743"	"2015-03-31 18:10:49.379743"
168	"TETRIS®"	"United States"	"4.1"	"172"	"3.9"	"172"	"(96)"	"(39)"	"(16)"	"(5)"	"(16)"	"(4,547)"	"(1,188)"	"(522)"	"(335)"	"(1,466)"	149	"2015-03-31 18:11:00.466499"	"2015-03-31 18:11:00.466499"
169	"Dude Perfect"	"United States"	"4.6"	"725"	"4.3"	"725"	"(600)"	"(60)"	"(20)"	"(16)"	"(29)"	"(6,696)"	"(748)"	"(370)"	"(288)"	"(902)"	152	"2015-03-31 18:11:11.608220"	"2015-03-31 18:11:11.608220"
170	"The Trace: Murder Mystery Game"	"United States"	"3.9"	"513"	"3.9"	"513"	"(238)"	"(115)"	"(75)"	"(44)"	"(41)"	"(238)"	"(115)"	"(75)"	"(44)"	"(41)"	155	"2015-03-31 18:11:22.460418"	"2015-03-31 18:11:22.460418"
171	"5K Runner: 0 to 5K run training, Couch to 5K running, Pro"	"United States"	"4.9"	"630"	"4.8"	"630"	"(585)"	"(38)"	"(3)"	"(1)"	"(3)"	"(6,880)"	"(943)"	"(103)"	"(50)"	"(66)"	158	"2015-03-31 18:11:33.710892"	"2015-03-31 18:11:33.710892"
172	"Papa's Freezeria To Go!"	"United States"	"4.4"	"112"	"4.5"	"112"	"(74)"	"(23)"	"(6)"	"(5)"	"(4)"	"(398)"	"(87)"	"(31)"	"(15)"	"(17)"	161	"2015-03-31 18:11:44.876894"	"2015-03-31 18:11:44.876894"
173	"Scribblenauts Remix"	"United States"	"4.4"	"1,795"	"4.4"	"1,795"	"(1,279)"	"(223)"	"(119)"	"(53)"	"(121)"	"(52,156)"	"(11,020)"	"(4,997)"	"(2,701)"	"(4,675)"	164	"2015-03-31 18:11:55.876298"	"2015-03-31 18:11:55.876298"
174	"Grand Theft Auto: Vice City"	"United States"	"2.8"	"372"	"4.0"	"372"	"(113)"	"(32)"	"(36)"	"(41)"	"(150)"	"(10,507)"	"(2,101)"	"(1,346)"	"(951)"	"(2,308)"	167	"2015-03-31 18:12:06.772126"	"2015-03-31 18:12:06.772126"
175	"NOAA Radar Pro – Severe Weather Alerts and Forecast"	"United States"	"4.6"	"956"	"4.5"	"956"	"(672)"	"(209)"	"(36)"	"(18)"	"(21)"	"(5,699)"	"(2,171)"	"(360)"	"(119)"	"(192)"	170	"2015-03-31 18:12:17.694263"	"2015-03-31 18:12:17.694263"
176	"Dictionary.com Dictionary & Thesaurus Premium"	"United States"	"4.8"	"469"	"4.5"	"469"	"(408)"	"(35)"	"(10)"	"(7)"	"(9)"	"(5,755)"	"(740)"	"(216)"	"(152)"	"(420)"	173	"2015-03-31 18:12:28.601530"	"2015-03-31 18:12:28.601530"
177	"Grindr Xtra - Gay, same sex, bi, social network to chat and meet guys"	"United States"	"2.4"	"18"	"2.8"	"18"	"(4)"	"(1)"	"(2)"	"(3)"	"(8)"	"(5,907)"	"(2,969)"	"(2,606)"	"(2,227)"	"(8,112)"	176	"2015-03-31 18:12:39.686794"	"2015-03-31 18:12:39.686794"
178	"Call of Duty: Zombies"	"United States"	"4.1"	"32,114"	"4.2"	"32,114"	"(20,191)"	"(4,339)"	"(2,380)"	"(1,277)"	"(3,927)"	"(41,682)"	"(7,283)"	"(4,226)"	"(2,437)"	"(7,432)"	179	"2015-03-31 18:12:50.785769"	"2015-03-31 18:12:50.785769"
179	"Call of Duty®: Strike Team"	"United States"	"4.4"	"568"	"3.8"	"568"	"(394)"	"(90)"	"(28)"	"(11)"	"(45)"	"(3,853)"	"(1,066)"	"(563)"	"(364)"	"(1,300)"	182	"2015-03-31 18:13:01.917210"	"2015-03-31 18:13:01.917210"
180	"doTERRA"	"United States"	"3.6"	"30"	"3.6"	"30"	"(14)"	"(5)"	"(2)"	"(3)"	"(6)"	"(14)"	"(5)"	"(2)"	"(3)"	"(6)"	185	"2015-03-31 18:13:12.849601"	"2015-03-31 18:13:12.849601"
181	"Stray Dog Simulator"	"United States"	"4.1"	"682"	"3.8"	"682"	"(409)"	"(116)"	"(52)"	"(33)"	"(72)"	"(486)"	"(174)"	"(109)"	"(70)"	"(142)"	188	"2015-03-31 18:13:23.752968"	"2015-03-31 18:13:23.752968"
182	"Earn to Die 2"	"United States"	"4.5"	"205"	"4.5"	"205"	"(157)"	"(28)"	"(6)"	"(3)"	"(11)"	"(1,014)"	"(184)"	"(69)"	"(37)"	"(56)"	191	"2015-03-31 18:13:34.767450"	"2015-03-31 18:13:34.767450"
183	"Bike Race Pro"	"United States"	"4.7"	"297"	"4.7"	"297"	"(244)"	"(29)"	"(10)"	"(7)"	"(7)"	"(14,060)"	"(1,396)"	"(542)"	"(304)"	"(517)"	194	"2015-03-31 18:13:45.643490"	"2015-03-31 18:13:45.643490"
184	"Iron Ball Ride"	"United States"	"4.7"	"6"	"4.4"	"6"	"(4)"	"(2)"	"(0)"	"(0)"	"(0)"	"(45)"	"(10)"	"(6)"	"(1)"	"(3)"	197	"2015-03-31 18:13:56.591098"	"2015-03-31 18:13:56.591098"
185	"Survivalcraft"	"United States"	"4.4"	"1,628"	"4.1"	"1,628"	"(1,105)"	"(262)"	"(105)"	"(44)"	"(112)"	"(9,956)"	"(2,780)"	"(1,189)"	"(630)"	"(1,708)"	200	"2015-03-31 18:14:07.620156"	"2015-03-31 18:14:07.620156"
186	"Weather Live"	"United States"	"4.6"	"616"	"4.5"	"616"	"(421)"	"(157)"	"(20)"	"(10)"	"(8)"	"(4,642)"	"(1,954)"	"(343)"	"(131)"	"(154)"	203	"2015-03-31 18:14:18.588118"	"2015-03-31 18:14:18.588118"
187	"Dude, your car!"	"United States"	""	""	"3.7"	""	""	""	""	""	""	"(106)"	"(16)"	"(15)"	"(16)"	"(38)"	206	"2015-03-31 18:14:29.669534"	"2015-03-31 18:14:29.669534"
188	"iTranslate Voice - translator & dictionary"	"United States"	"4.4"	"47"	"4.2"	"47"	"(33)"	"(8)"	"(2)"	"(1)"	"(3)"	"(8,635)"	"(2,192)"	"(773)"	"(531)"	"(1,281)"	209	"2015-03-31 18:14:40.613530"	"2015-03-31 18:14:40.613530"
189	"Pou"	"United States"	"4.1"	"107"	"4.3"	"107"	"(70)"	"(11)"	"(9)"	"(5)"	"(12)"	"(1,894)"	"(370)"	"(190)"	"(107)"	"(226)"	212	"2015-03-31 18:14:52.030848"	"2015-03-31 18:14:52.030848"
190	"PAW Patrol Rescue Run"	"United States"	"2.5"	"8"	"2.1"	"8"	"(2)"	"(1)"	"(0)"	"(1)"	"(4)"	"(18)"	"(4)"	"(5)"	"(6)"	"(56)"	215	"2015-03-31 18:15:02.980794"	"2015-03-31 18:15:02.980794"
191	"Plug for Minecraft PE"	"United States"	"4.3"	"512"	"4.3"	"512"	"(380)"	"(49)"	"(17)"	"(11)"	"(55)"	"(996)"	"(165)"	"(58)"	"(31)"	"(142)"	218	"2015-03-31 18:15:13.849206"	"2015-03-31 18:15:13.849206"
192	"Geocaching"	"United States"	"4.4"	"8"	"4.5"	"8"	"(4)"	"(3)"	"(1)"	"(0)"	"(0)"	"(7,640)"	"(1,529)"	"(474)"	"(288)"	"(545)"	221	"2015-03-31 18:15:24.937575"	"2015-03-31 18:15:24.937575"
193	"Flick Home Run !"	"United States"	"4.3"	"2,273"	"4.5"	"2,273"	"(1,484)"	"(349)"	"(170)"	"(75)"	"(195)"	"(72,234)"	"(11,932)"	"(5,502)"	"(2,382)"	"(5,077)"	224	"2015-03-31 18:15:36.107013"	"2015-03-31 18:15:36.107013"
194	"Grand Theft Auto III"	"United States"	"4.2"	"108"	"3.9"	"108"	"(69)"	"(19)"	"(7)"	"(3)"	"(10)"	"(13,350)"	"(3,472)"	"(2,152)"	"(1,485)"	"(3,820)"	227	"2015-03-31 18:15:47.165591"	"2015-03-31 18:15:47.165591"
195	"Superimpose"	"United States"	"4.6"	"211"	"4.3"	"211"	"(174)"	"(14)"	"(7)"	"(3)"	"(13)"	"(1,352)"	"(174)"	"(133)"	"(81)"	"(135)"	230	"2015-03-31 18:15:58.120702"	"2015-03-31 18:15:58.120702"
196	"DAILY for Craigslist (iPhone Version)"	"United States"	"4.5"	"90"	"3.8"	"90"	"(73)"	"(6)"	"(2)"	"(1)"	"(8)"	"(1,992)"	"(622)"	"(259)"	"(223)"	"(690)"	233	"2015-03-31 18:16:09.088508"	"2015-03-31 18:16:09.088508"
197	"Stick Texting - The Emoji Emoticons Killer (Emoticon Emojis)"	"United States"	"3.0"	"69"	"3.8"	"69"	"(21)"	"(10)"	"(8)"	"(5)"	"(25)"	"(83)"	"(17)"	"(10)"	"(10)"	"(28)"	236	"2015-03-31 18:16:19.981540"	"2015-03-31 18:16:19.981540"
198	"Civilization Revolution 2"	"United States"	"4.2"	"404"	"3.6"	"404"	"(229)"	"(103)"	"(25)"	"(15)"	"(32)"	"(992)"	"(436)"	"(234)"	"(237)"	"(408)"	239	"2015-03-31 18:16:30.927223"	"2015-03-31 18:16:30.927223"
199	"New Emoji Keyboard - Extra Emojis"	"United States"	"1.6"	"12"	"1.6"	"12"	"(1)"	"(0)"	"(1)"	"(1)"	"(9)"	"(1)"	"(0)"	"(1)"	"(1)"	"(9)"	242	"2015-03-31 18:16:41.766520"	"2015-03-31 18:16:41.766520"
200	"Dark Sky - Weather Radar, Hyperlocal Forecasts, and Storm Alerts"	"United States"	"4.2"	"23"	"3.5"	"23"	"(15)"	"(3)"	"(1)"	"(3)"	"(1)"	"(1,665)"	"(371)"	"(315)"	"(445)"	"(730)"	245	"2015-03-31 18:16:52.818302"	"2015-03-31 18:16:52.818302"
201	"MotionX GPS Drive"	"United States"	"4.4"	"664"	"3.8"	"664"	"(508)"	"(67)"	"(13)"	"(23)"	"(53)"	"(22,331)"	"(6,247)"	"(3,394)"	"(3,099)"	"(7,600)"	248	"2015-03-31 18:17:03.953896"	"2015-03-31 18:17:03.953896"
202	"Fruit Ninja"	"United States"	"4.3"	"647"	"4.6"	"647"	"(411)"	"(101)"	"(65)"	"(34)"	"(36)"	"(536,334)"	"(90,090)"	"(36,424)"	"(15,568)"	"(17,110)"	251	"2015-03-31 18:17:15.203187"	"2015-03-31 18:17:15.203187"
203	"LexTwerkOut"	""	""	""	""	""	""	""	""	""	""	""	""	""	""	""	254	"2015-03-31 18:17:26.053931"	"2015-03-31 18:17:26.053931"
204	"Ref Guide for Essential Oils"	"United States"	""	""	"4.1"	""	""	""	""	""	""	"(16)"	"(14)"	"(3)"	"(1)"	"(3)"	257	"2015-03-31 18:17:36.939326"	"2015-03-31 18:17:36.939326"
205	"Backflip Madness"	"United States"	"4.4"	"8,847"	"4.4"	"8,847"	"(6,211)"	"(1,384)"	"(624)"	"(237)"	"(391)"	"(6,211)"	"(1,384)"	"(624)"	"(237)"	"(391)"	260	"2015-03-31 18:17:47.898892"	"2015-03-31 18:17:47.898892"
206	"App Icons"	"United States"	"3.1"	"22"	"3.2"	"22"	"(11)"	"(0)"	"(1)"	"(0)"	"(10)"	"(313)"	"(87)"	"(73)"	"(46)"	"(253)"	263	"2015-03-31 18:17:58.909592"	"2015-03-31 18:17:58.909592"
207	"Craft Minecraft World - Minecraft - Mini Game With Multiplayer For Minecraft PE"	"United States"	"3.8"	"99"	"3.8"	"99"	"(68)"	"(2)"	"(0)"	"(3)"	"(26)"	"(68)"	"(2)"	"(0)"	"(3)"	"(26)"	266	"2015-03-31 18:18:09.789696"	"2015-03-31 18:18:09.789696"
208	"Wheel of Fortune"	"United States"	"3.7"	"692"	"3.9"	"692"	"(304)"	"(130)"	"(85)"	"(67)"	"(106)"	"(3,404)"	"(1,173)"	"(572)"	"(390)"	"(849)"	269	"2015-03-31 18:18:20.799547"	"2015-03-31 18:18:20.799547"
209	"MONOPOLY Here & Now: The World Edition"	"United States"	"3.2"	"2,568"	"3.7"	"2,568"	"(964)"	"(344)"	"(274)"	"(278)"	"(708)"	"(12,825)"	"(4,361)"	"(3,415)"	"(1,981)"	"(4,531)"	272	"2015-03-31 18:18:31.754321"	"2015-03-31 18:18:31.754321"
210	"NHL 2K"	"United States"	"4.4"	"322"	"4.0"	"322"	"(220)"	"(46)"	"(26)"	"(9)"	"(21)"	"(331)"	"(71)"	"(54)"	"(27)"	"(69)"	275	"2015-03-31 18:18:42.691359"	"2015-03-31 18:18:42.691359"
211	"Free Music Pro - Music Streamer and Playlist Manager"	"United States"	""	""	"2.9"	""	""	""	""	""	""	"(20)"	"(8)"	"(7)"	"(6)"	"(24)"	278	"2015-03-31 18:18:53.611743"	"2015-03-31 18:18:53.611743"
212	"Musify Pro - Free Music Streamer and Media Player for Jamendo®. Download Now!"	"United States"	"4.0"	"90"	"4.0"	"90"	"(58)"	"(12)"	"(2)"	"(1)"	"(17)"	"(58)"	"(12)"	"(2)"	"(1)"	"(17)"	281	"2015-03-31 18:19:04.691025"	"2015-03-31 18:19:04.691025"
213	"Tiny Wings"	"United States"	"4.5"	"1,936"	"4.7"	"1,936"	"(1,419)"	"(266)"	"(146)"	"(46)"	"(59)"	"(180,181)"	"(25,068)"	"(5,782)"	"(2,473)"	"(3,544)"	284	"2015-03-31 18:19:16.090055"	"2015-03-31 18:19:16.090055"
214	"Blek"	"United States"	"4.7"	"103"	"4.5"	"103"	"(82)"	"(13)"	"(4)"	"(3)"	"(1)"	"(10,534)"	"(2,224)"	"(814)"	"(392)"	"(645)"	287	"2015-03-31 18:19:27.102852"	"2015-03-31 18:19:27.102852"
215	"PicFrame"	"United States"	"4.2"	"19"	"4.6"	"19"	"(11)"	"(5)"	"(0)"	"(2)"	"(1)"	"(4,726)"	"(997)"	"(151)"	"(74)"	"(195)"	290	"2015-03-31 18:19:38.059430"	"2015-03-31 18:19:38.059430"
216	"SuperBetter"	"United States"	"2.6"	"16"	"3.6"	"16"	"(4)"	"(2)"	"(1)"	"(2)"	"(7)"	"(88)"	"(18)"	"(19)"	"(12)"	"(37)"	293	"2015-03-31 18:19:49.375963"	"2015-03-31 18:19:49.375963"
217	"Omegle"	"United States"	"2.4"	"790"	"3.0"	"790"	"(104)"	"(100)"	"(133)"	"(114)"	"(339)"	"(1,882)"	"(589)"	"(786)"	"(564)"	"(1,824)"	296	"2015-03-31 18:20:00.366163"	"2015-03-31 18:20:00.366163"
218	"Exploration"	"United States"	"3.9"	"54"	"4.1"	"54"	"(30)"	"(9)"	"(3)"	"(3)"	"(9)"	"(407)"	"(158)"	"(65)"	"(20)"	"(84)"	299	"2015-03-31 18:20:11.312872"	"2015-03-31 18:20:11.312872"
219	"Clash of Clans"	"United States"	"4.6"	"95,100"	"4.6"	"95,100"	"(76,111)"	"(9,516)"	"(4,282)"	"(2,398)"	"(2,793)"	"(1,060,625)"	"(141,718)"	"(50,182)"	"(26,769)"	"(48,032)"	3	"2015-03-31 18:20:37.535312"	"2015-03-31 18:20:37.535312"
220	"Game of War - Fire Age"	"United States"	"4.5"	"35,568"	"4.4"	"35,568"	"(30,274)"	"(873)"	"(521)"	"(426)"	"(3,474)"	"(54,638)"	"(4,228)"	"(1,995)"	"(1,546)"	"(7,319)"	6	"2015-03-31 18:20:48.508345"	"2015-03-31 18:20:48.508345"
221	"Candy Crush Saga"	"United States"	"4.5"	"3,651"	"4.1"	"3,651"	"(2,567)"	"(694)"	"(194)"	"(74)"	"(122)"	"(399,419)"	"(141,887)"	"(61,782)"	"(34,212)"	"(58,701)"	9	"2015-03-31 18:20:59.800836"	"2015-03-31 18:20:59.800836"
222	"Candy Crush Soda Saga"	"United States"	"4.5"	"2,169"	"4.5"	"2,169"	"(1,485)"	"(451)"	"(119)"	"(54)"	"(60)"	"(59,431)"	"(17,555)"	"(4,854)"	"(2,040)"	"(3,045)"	12	"2015-03-31 18:21:10.748357"	"2015-03-31 18:21:10.748357"
223	"Big Fish Casino – Free Slots, Vegas Slots & Slot Tournaments! Plus Poker, Cards, 21 and more!"	"United States"	"4.6"	"6,620"	"4.5"	"6,620"	"(4,709)"	"(1,330)"	"(335)"	"(91)"	"(155)"	"(59,856)"	"(19,435)"	"(5,543)"	"(1,643)"	"(2,893)"	15	"2015-03-31 18:21:22.238818"	"2015-03-31 18:21:22.238818"
224	"Boom Beach"	"United States"	"4.5"	"18,904"	"4.5"	"18,904"	"(13,833)"	"(2,920)"	"(972)"	"(486)"	"(693)"	"(92,475)"	"(20,900)"	"(6,604)"	"(2,960)"	"(5,297)"	18	"2015-03-31 18:21:33.312537"	"2015-03-31 18:21:33.312537"
225	"DoubleDown Casino - Free Slots, Video Poker, Blackjack, and More"	"United States"	"3.3"	"125"	"3.8"	"125"	"(50)"	"(18)"	"(8)"	"(13)"	"(36)"	"(30,496)"	"(10,712)"	"(6,077)"	"(4,465)"	"(8,820)"	21	"2015-03-31 18:21:44.457589"	"2015-03-31 18:21:44.457589"
226	"Hay Day"	"United States"	"4.4"	"7,547"	"4.5"	"7,547"	"(5,313)"	"(1,070)"	"(602)"	"(280)"	"(282)"	"(315,132)"	"(54,346)"	"(23,887)"	"(12,548)"	"(17,772)"	24	"2015-03-31 18:21:55.751489"	"2015-03-31 18:21:55.751489"
227	"Spotify Music"	"United States"	"4.8"	"4,052"	"4.7"	"4,052"	"(3,614)"	"(273)"	"(66)"	"(35)"	"(64)"	"(439,440)"	"(38,947)"	"(9,894)"	"(5,559)"	"(13,867)"	27	"2015-03-31 18:22:06.928118"	"2015-03-31 18:22:06.928118"
228	"Pandora Radio"	"United States"	"4.7"	"23,584"	"3.9"	"23,584"	"(19,670)"	"(2,701)"	"(507)"	"(276)"	"(430)"	"(544,328)"	"(125,728)"	"(84,872)"	"(52,265)"	"(147,964)"	30	"2015-03-31 18:22:17.920441"	"2015-03-31 18:22:17.920441"
229	"Farm Heroes Saga"	"United States"	"4.6"	"945"	"4.5"	"945"	"(680)"	"(174)"	"(51)"	"(17)"	"(23)"	"(103,459)"	"(31,286)"	"(8,338)"	"(3,094)"	"(4,514)"	33	"2015-03-31 18:22:28.947912"	"2015-03-31 18:22:28.947912"
230	"Slotomania – Free video slots games! Spin & win coins with the Vegas casino experience"	"United States"	"3.8"	"191"	"4.1"	"191"	"(105)"	"(24)"	"(19)"	"(12)"	"(31)"	"(80,154)"	"(28,158)"	"(12,656)"	"(6,741)"	"(11,849)"	36	"2015-03-31 18:22:40.247174"	"2015-03-31 18:22:40.247174"
231	"Match™ - Dating App to Flirt, Chat and Meet Local Single Men and Women"	"United States"	"3.8"	"289"	"3.1"	"289"	"(148)"	"(61)"	"(16)"	"(16)"	"(48)"	"(15,551)"	"(10,335)"	"(9,541)"	"(5,619)"	"(15,789)"	39	"2015-03-31 18:22:51.293230"	"2015-03-31 18:22:51.293230"
232	"MARVEL Contest of Champions"	"United States"	"4.6"	"5,177"	"4.6"	"5,177"	"(3,924)"	"(784)"	"(226)"	"(86)"	"(157)"	"(48,232)"	"(10,847)"	"(2,731)"	"(1,108)"	"(1,655)"	42	"2015-03-31 18:23:02.204775"	"2015-03-31 18:23:02.204775"
233	"myVEGAS Slots - Free Las Vegas Casino"	"United States"	"4.2"	"529"	"4.6"	"529"	"(314)"	"(119)"	"(35)"	"(24)"	"(37)"	"(78,532)"	"(20,937)"	"(5,194)"	"(1,493)"	"(2,250)"	45	"2015-03-31 18:23:13.276946"	"2015-03-31 18:23:13.276946"
234	"Zoosk - #1 Dating App"	"United States"	"3.7"	"90"	"2.7"	"90"	"(52)"	"(8)"	"(5)"	"(5)"	"(20)"	"(27,441)"	"(6,902)"	"(8,966)"	"(8,267)"	"(38,641)"	48	"2015-03-31 18:23:24.387367"	"2015-03-31 18:23:24.387367"
235	"Kim Kardashian: Hollywood"	"United States"	"4.6"	"9,682"	"4.7"	"9,682"	"(7,463)"	"(1,280)"	"(496)"	"(166)"	"(277)"	"(244,815)"	"(34,349)"	"(12,091)"	"(3,924)"	"(6,176)"	51	"2015-03-31 18:23:35.498635"	"2015-03-31 18:23:35.498635"
236	"Summoners War"	"United States"	"4.7"	"4,292"	"4.7"	"4,292"	"(3,356)"	"(746)"	"(131)"	"(13)"	"(46)"	"(70,262)"	"(17,808)"	"(3,512)"	"(566)"	"(988)"	54	"2015-03-31 18:23:46.461862"	"2015-03-31 18:23:46.461862"
237	"Bubble Witch 2 Saga"	"United States"	"4.2"	"302"	"4.4"	"302"	"(182)"	"(58)"	"(25)"	"(5)"	"(32)"	"(31,241)"	"(9,873)"	"(3,183)"	"(1,232)"	"(1,867)"	57	"2015-03-31 18:23:57.517116"	"2015-03-31 18:23:57.517116"
238	"Heroes Charge"	"United States"	"4.7"	"1,577"	"4.6"	"1,577"	"(1,257)"	"(222)"	"(47)"	"(19)"	"(32)"	"(6,222)"	"(1,081)"	"(281)"	"(145)"	"(279)"	60	"2015-03-31 18:24:08.451905"	"2015-03-31 18:24:08.451905"
239	"Cookie Jam"	"United States"	"4.8"	"771"	"4.6"	"771"	"(665)"	"(65)"	"(24)"	"(7)"	"(10)"	"(25,355)"	"(3,067)"	"(1,197)"	"(697)"	"(1,091)"	63	"2015-03-31 18:24:19.561628"	"2015-03-31 18:24:19.561628"
240	"8 Ball Pool™"	"United States"	"4.7"	"1,029"	"4.6"	"1,029"	"(845)"	"(120)"	"(23)"	"(15)"	"(26)"	"(147,416)"	"(28,181)"	"(7,849)"	"(3,565)"	"(7,974)"	66	"2015-03-31 18:24:30.532560"	"2015-03-31 18:24:30.532560"
241	"SimCity BuildIt"	"United States"	"4.1"	"3,419"	"4.0"	"3,419"	"(2,004)"	"(593)"	"(283)"	"(189)"	"(350)"	"(17,935)"	"(5,266)"	"(2,693)"	"(1,862)"	"(3,885)"	69	"2015-03-31 18:24:41.437367"	"2015-03-31 18:24:41.437367"
242	"Family Guy: The Quest for Stuff"	"United States"	"4.3"	"1,269"	"4.4"	"1,269"	"(835)"	"(185)"	"(97)"	"(63)"	"(89)"	"(57,275)"	"(13,252)"	"(4,890)"	"(2,200)"	"(3,824)"	72	"2015-03-31 18:24:52.359641"	"2015-03-31 18:24:52.359641"
243	"Pet Rescue Saga"	"United States"	"3.8"	"76"	"3.9"	"76"	"(42)"	"(7)"	"(6)"	"(8)"	"(13)"	"(11,998)"	"(4,262)"	"(2,305)"	"(1,676)"	"(2,727)"	75	"2015-03-31 18:25:03.403640"	"2015-03-31 18:25:03.403640"
244	"The Sims™ FreePlay"	"United States"	"4.5"	"5,926"	"4.2"	"5,926"	"(4,282)"	"(890)"	"(376)"	"(178)"	"(200)"	"(175,172)"	"(46,453)"	"(26,471)"	"(13,988)"	"(23,233)"	78	"2015-03-31 18:25:14.651840"	"2015-03-31 18:25:14.651840"
245	"FarmVille 2: Country Escape"	"United States"	"3.8"	"1,369"	"4.2"	"1,369"	"(715)"	"(219)"	"(141)"	"(69)"	"(225)"	"(49,845)"	"(18,118)"	"(8,394)"	"(4,082)"	"(5,883)"	81	"2015-03-31 18:25:25.693763"	"2015-03-31 18:25:25.693763"
246	"Gummy Drop! Best Free Candy Match 3 Puzzle Game!"	"United States"	"4.4"	"1,314"	"4.4"	"1,314"	"(861)"	"(240)"	"(109)"	"(48)"	"(56)"	"(9,046)"	"(3,184)"	"(1,184)"	"(440)"	"(534)"	84	"2015-03-31 18:25:36.735252"	"2015-03-31 18:25:36.735252"
247	"Minecraft – Pocket Edition"	"United States"	"4.4"	"33,020"	"4.4"	"33,020"	"(24,123)"	"(3,760)"	"(1,841)"	"(1,085)"	"(2,211)"	"(243,149)"	"(48,935)"	"(24,101)"	"(12,352)"	"(21,116)"	87	"2015-03-31 18:25:47.749237"	"2015-03-31 18:25:47.749237"
248	"Skype for iPhone"	"United States"	"2.3"	"240"	"3.4"	"240"	"(45)"	"(12)"	"(26)"	"(32)"	"(125)"	"(149,665)"	"(44,592)"	"(44,838)"	"(31,131)"	"(92,029)"	90	"2015-03-31 18:25:59.010005"	"2015-03-31 18:25:59.010005"
249	"Trivia Crack (Ad Free)"	"United States"	"4.4"	"799"	"4.5"	"799"	"(517)"	"(177)"	"(69)"	"(16)"	"(20)"	"(33,608)"	"(14,509)"	"(3,296)"	"(558)"	"(491)"	93	"2015-03-31 18:26:10.048564"	"2015-03-31 18:26:10.048564"
250	"GSN Casino - Slots, Bingo, Video Poker, Cards and more!"	"United States"	"4.1"	"1,596"	"4.3"	"1,596"	"(911)"	"(344)"	"(126)"	"(86)"	"(129)"	"(53,251)"	"(18,745)"	"(6,421)"	"(3,246)"	"(4,597)"	96	"2015-03-31 18:26:21.076057"	"2015-03-31 18:26:21.076057"
251	"POF - Free Dating App"	"United States"	"3.6"	"798"	"3.5"	"798"	"(304)"	"(193)"	"(124)"	"(68)"	"(109)"	"(10,172)"	"(5,119)"	"(3,913)"	"(2,222)"	"(5,181)"	99	"2015-03-31 18:26:31.988648"	"2015-03-31 18:26:31.988648"
252	"Trivia Crack"	"United States"	"4.5"	"549"	"4.5"	"549"	"(331)"	"(168)"	"(34)"	"(5)"	"(11)"	"(185,081)"	"(89,453)"	"(19,969)"	"(3,788)"	"(4,307)"	102	"2015-03-31 18:26:43.078226"	"2015-03-31 18:26:43.078226"
253	"Slots - House of Fun! Las Vegas Casino Games, Free Slots Machines . Spin & Win Slots Roulette"	"United States"	"4.4"	"375"	"4.4"	"375"	"(268)"	"(47)"	"(22)"	"(14)"	"(24)"	"(27,725)"	"(6,178)"	"(2,335)"	"(1,296)"	"(2,112)"	105	"2015-03-31 18:26:54.188722"	"2015-03-31 18:26:54.188722"
254	"Castle Clash by IGG"	"United States"	"4.3"	"1,725"	"4.3"	"1,725"	"(1,203)"	"(176)"	"(115)"	"(65)"	"(166)"	"(18,648)"	"(2,788)"	"(1,686)"	"(965)"	"(2,751)"	108	"2015-03-31 18:27:05.253702"	"2015-03-31 18:27:05.253702"
255	"Madden NFL Mobile"	"United States"	"3.8"	"15,699"	"4.0"	"15,699"	"(8,173)"	"(2,304)"	"(1,587)"	"(1,146)"	"(2,489)"	"(41,248)"	"(9,607)"	"(5,265)"	"(3,670)"	"(8,608)"	111	"2015-03-31 18:27:16.176093"	"2015-03-31 18:27:16.176093"
256	"Crime City"	"United States"	"3.3"	"50"	"4.1"	"50"	"(22)"	"(5)"	"(6)"	"(2)"	"(15)"	"(30,885)"	"(8,207)"	"(3,909)"	"(2,087)"	"(5,781)"	114	"2015-03-31 18:27:27.156670"	"2015-03-31 18:27:27.156670"
257	"Wizard of Oz Slots Free Casino"	"United States"	"4.4"	"862"	"4.5"	"862"	"(597)"	"(128)"	"(54)"	"(41)"	"(42)"	"(4,232)"	"(833)"	"(257)"	"(174)"	"(203)"	117	"2015-03-31 18:27:38.114176"	"2015-03-31 18:27:38.114176"
258	"Covet Fashion - The Game for Dresses, Hairstyles and Shopping"	"United States"	"4.1"	"1,124"	"4.1"	"1,124"	"(587)"	"(255)"	"(122)"	"(74)"	"(86)"	"(16,246)"	"(6,788)"	"(2,953)"	"(1,357)"	"(2,095)"	120	"2015-03-31 18:27:49.140543"	"2015-03-31 18:27:49.140543"
259	"Hit it Rich! Free Casino Slots"	"United States"	"4.2"	"266"	"4.2"	"266"	"(158)"	"(59)"	"(22)"	"(10)"	"(17)"	"(35,966)"	"(13,472)"	"(5,323)"	"(2,457)"	"(3,560)"	123	"2015-03-31 18:28:00.137536"	"2015-03-31 18:28:00.137536"
260	"Puzzle & Dragons (English)"	"United States"	"4.5"	"445"	"4.6"	"445"	"(344)"	"(48)"	"(16)"	"(11)"	"(26)"	"(10,352)"	"(1,289)"	"(417)"	"(221)"	"(500)"	126	"2015-03-31 18:28:11.178074"	"2015-03-31 18:28:11.178074"
261	"Jackpot Party Casino - Slots"	"United States"	"3.7"	"271"	"3.7"	"271"	"(129)"	"(45)"	"(31)"	"(17)"	"(49)"	"(7,312)"	"(2,770)"	"(1,692)"	"(1,179)"	"(2,384)"	129	"2015-03-31 18:28:22.257292"	"2015-03-31 18:28:22.257292"
262	"The Hobbit: Kingdoms of Middle-earth"	"United States"	"3.7"	"176"	"3.9"	"176"	"(94)"	"(25)"	"(11)"	"(4)"	"(42)"	"(6,321)"	"(1,965)"	"(916)"	"(607)"	"(1,741)"	132	"2015-03-31 18:28:33.405146"	"2015-03-31 18:28:33.405146"
263	"World Series of Poker - WSOP Texas Holdem Free Casino"	"United States"	"4.4"	"1,352"	"4.3"	"1,352"	"(938)"	"(225)"	"(68)"	"(30)"	"(91)"	"(15,493)"	"(4,411)"	"(1,430)"	"(640)"	"(1,648)"	135	"2015-03-31 18:28:44.430781"	"2015-03-31 18:28:44.430781"
264	"Frozen Free Fall"	"United States"	"4.3"	"26"	"4.4"	"26"	"(16)"	"(6)"	"(1)"	"(1)"	"(2)"	"(26,527)"	"(7,255)"	"(2,576)"	"(1,483)"	"(1,867)"	138	"2015-03-31 18:28:55.441277"	"2015-03-31 18:28:55.441277"
265	"Brave Frontier"	"United States"	"4.5"	"580"	"4.6"	"580"	"(468)"	"(44)"	"(21)"	"(9)"	"(38)"	"(46,053)"	"(7,414)"	"(2,136)"	"(1,022)"	"(2,360)"	141	"2015-03-31 18:29:06.751690"	"2015-03-31 18:29:06.751690"
266	"Zynga Poker - Texas Holdem"	"United States"	"4.0"	"833"	"4.4"	"833"	"(483)"	"(129)"	"(52)"	"(35)"	"(134)"	"(241,743)"	"(48,160)"	"(16,496)"	"(9,219)"	"(28,269)"	144	"2015-03-31 18:29:17.897823"	"2015-03-31 18:29:17.897823"
267	"Criminal Case"	"United States"	"4.7"	"1,257"	"4.6"	"1,257"	"(1,042)"	"(128)"	"(39)"	"(16)"	"(32)"	"(14,555)"	"(2,073)"	"(785)"	"(374)"	"(629)"	147	"2015-03-31 18:29:29.117214"	"2015-03-31 18:29:29.117214"
268	"BINGO Blitz - FREE Bingo + Slots"	"United States"	"4.4"	"579"	"4.2"	"579"	"(414)"	"(78)"	"(28)"	"(14)"	"(45)"	"(22,136)"	"(5,784)"	"(2,344)"	"(1,448)"	"(2,863)"	150	"2015-03-31 18:29:40.565285"	"2015-03-31 18:29:40.565285"
269	"MLB.com At Bat"	"United States"	"3.0"	"29"	"3.3"	"29"	"(12)"	"(2)"	"(2)"	"(1)"	"(12)"	"(4,717)"	"(1,645)"	"(1,272)"	"(1,234)"	"(2,952)"	153	"2015-03-31 18:29:51.957869"	"2015-03-31 18:29:51.957869"
270	"MARVEL War of Heroes"	"United States"	"2.9"	"34"	"2.3"	"34"	"(12)"	"(4)"	"(2)"	"(2)"	"(14)"	"(863)"	"(306)"	"(240)"	"(226)"	"(2,130)"	156	"2015-03-31 18:30:03.243266"	"2015-03-31 18:30:03.243266"
271	"Cooking Fever"	"United States"	"4.4"	"17,290"	"4.4"	"17,290"	"(11,658)"	"(2,860)"	"(1,252)"	"(610)"	"(910)"	"(22,760)"	"(5,550)"	"(2,441)"	"(1,214)"	"(1,702)"	159	"2015-03-31 18:30:14.628097"	"2015-03-31 18:30:14.628097"
272	"Clash of Kings - Last Empire"	"United States"	"4.3"	"509"	"4.3"	"509"	"(348)"	"(80)"	"(22)"	"(21)"	"(38)"	"(550)"	"(114)"	"(39)"	"(32)"	"(63)"	162	"2015-03-31 18:30:25.788250"	"2015-03-31 18:30:25.788250"
273	"Heart of Vegas: Play Free Casino Slots!"	"United States"	"3.6"	"296"	"3.9"	"296"	"(140)"	"(44)"	"(31)"	"(24)"	"(57)"	"(992)"	"(295)"	"(184)"	"(120)"	"(258)"	165	"2015-03-31 18:30:36.748931"	"2015-03-31 18:30:36.748931"
274	"FINAL FANTASY Record Keeper"	"United States"	"4.8"	"3,919"	"4.8"	"3,919"	"(3,377)"	"(405)"	"(66)"	"(15)"	"(56)"	"(3,377)"	"(405)"	"(66)"	"(15)"	"(56)"	168	"2015-03-31 18:30:47.647089"	"2015-03-31 18:30:47.647089"
275	"TurboTax Tax Preparation - Complete and efile your 2014 income taxes"	"United States"	"4.3"	"68"	"4.0"	"68"	"(48)"	"(8)"	"(4)"	"(2)"	"(6)"	"(870)"	"(133)"	"(60)"	"(70)"	"(208)"	171	"2015-03-31 18:30:58.613551"	"2015-03-31 18:30:58.613551"
276	"Dragon City Mobile"	"United States"	"4.6"	"8,980"	"4.5"	"8,980"	"(6,956)"	"(1,100)"	"(408)"	"(193)"	"(323)"	"(136,244)"	"(23,605)"	"(9,811)"	"(4,499)"	"(7,336)"	174	"2015-03-31 18:31:09.633103"	"2015-03-31 18:31:09.633103"
277	"MONOPOLY Bingo!"	"United States"	"4.5"	"2,806"	"4.6"	"2,806"	"(2,009)"	"(479)"	"(185)"	"(70)"	"(63)"	"(3,666)"	"(890)"	"(307)"	"(112)"	"(110)"	177	"2015-03-31 18:31:20.470708"	"2015-03-31 18:31:20.470708"
278	"Panda Pop - Bubble Shooter"	"United States"	"4.5"	"1,020"	"4.5"	"1,020"	"(752)"	"(143)"	"(45)"	"(36)"	"(44)"	"(10,903)"	"(2,297)"	"(870)"	"(375)"	"(538)"	180	"2015-03-31 18:31:31.475827"	"2015-03-31 18:31:31.475827"
279	"Racing Rivals"	"United States"	"4.2"	"640"	"4.2"	"640"	"(416)"	"(76)"	"(51)"	"(33)"	"(64)"	"(27,383)"	"(5,451)"	"(2,817)"	"(1,662)"	"(3,874)"	183	"2015-03-31 18:31:42.386290"	"2015-03-31 18:31:42.386290"
280	"Hulu Plus"	"United States"	"2.7"	"125"	"1.9"	"125"	"(32)"	"(14)"	"(10)"	"(21)"	"(48)"	"(6,364)"	"(2,612)"	"(3,310)"	"(4,489)"	"(30,935)"	186	"2015-03-31 18:31:53.505011"	"2015-03-31 18:31:53.505011"
281	"Jackpotjoy Slots - FREE Las Vegas Video Slots & Casino Game"	"United States"	"4.4"	"334"	"4.3"	"334"	"(213)"	"(66)"	"(28)"	"(13)"	"(14)"	"(35,410)"	"(11,181)"	"(4,290)"	"(2,163)"	"(2,798)"	189	"2015-03-31 18:32:04.531889"	"2015-03-31 18:32:04.531889"
282	"Diamond Digger Saga"	"United States"	"3.0"	"103"	"4.4"	"103"	"(31)"	"(19)"	"(8)"	"(10)"	"(35)"	"(12,646)"	"(4,597)"	"(1,429)"	"(510)"	"(788)"	192	"2015-03-31 18:32:15.418185"	"2015-03-31 18:32:15.418185"
283	"Empire Z"	"United States"	"4.1"	"296"	"4.4"	"296"	"(167)"	"(62)"	"(36)"	"(6)"	"(25)"	"(7,521)"	"(2,461)"	"(839)"	"(224)"	"(380)"	195	"2015-03-31 18:32:26.461727"	"2015-03-31 18:32:26.461727"
284	"OkCupid Dating"	"United States"	"4.4"	"5,836"	"4.2"	"5,836"	"(3,510)"	"(1,570)"	"(398)"	"(117)"	"(241)"	"(52,354)"	"(23,806)"	"(7,522)"	"(3,066)"	"(6,979)"	198	"2015-03-31 18:32:37.392924"	"2015-03-31 18:32:37.392924"
285	"The Simpsons™: Tapped Out"	"United States"	"4.5"	"1,817"	"4.1"	"1,817"	"(1,330)"	"(253)"	"(90)"	"(50)"	"(94)"	"(150,639)"	"(40,327)"	"(17,449)"	"(11,192)"	"(29,668)"	201	"2015-03-31 18:32:48.589894"	"2015-03-31 18:32:48.589894"
286	"WordBrain"	"United States"	"4.6"	"51,276"	"4.6"	"51,276"	"(34,078)"	"(15,089)"	"(1,849)"	"(167)"	"(93)"	"(38,057)"	"(17,271)"	"(2,153)"	"(183)"	"(109)"	204	"2015-03-31 18:32:59.575691"	"2015-03-31 18:32:59.575691"
287	"STAR WARS™: FORCE COLLECTION – Command your favorite Star Wars heroes and assemble the most powerful fighting force in the galaxy in this strategic trading card"	"United States"	""	""	"4.1"	""	""	""	""	""	""	"(1,800)"	"(440)"	"(183)"	"(127)"	"(366)"	207	"2015-03-31 18:33:10.616892"	"2015-03-31 18:33:10.616892"
288	"Iron Force"	"United States"	"4.8"	"5,423"	"4.8"	"5,423"	"(4,932)"	"(190)"	"(92)"	"(61)"	"(148)"	"(105,679)"	"(3,374)"	"(1,451)"	"(888)"	"(2,259)"	210	"2015-03-31 18:33:21.605215"	"2015-03-31 18:33:21.605215"
289	"Zynga Poker Classic – Texas Holdem"	"United States"	"4.3"	"71"	"4.2"	"71"	"(49)"	"(12)"	"(1)"	"(2)"	"(7)"	"(547)"	"(130)"	"(27)"	"(25)"	"(91)"	213	"2015-03-31 18:33:32.625443"	"2015-03-31 18:33:32.625443"
290	"Bingo Bash™ featuring Wheel of Fortune® Bingo and more!"	"United States"	"3.9"	"79"	"4.2"	"79"	"(39)"	"(18)"	"(8)"	"(2)"	"(12)"	"(25,311)"	"(9,999)"	"(4,978)"	"(2,305)"	"(2,586)"	216	"2015-03-31 18:33:43.747185"	"2015-03-31 18:33:43.747185"
291	"Beats Music"	"United States"	"4.4"	"5,386"	"4.1"	"5,386"	"(3,747)"	"(779)"	"(313)"	"(183)"	"(364)"	"(9,746)"	"(2,092)"	"(1,136)"	"(784)"	"(1,920)"	219	"2015-03-31 18:33:54.728839"	"2015-03-31 18:33:54.728839"
292	"Star Wars: Commander"	"United States"	"3.4"	"1,347"	"4.5"	"1,347"	"(558)"	"(192)"	"(131)"	"(99)"	"(367)"	"(136,452)"	"(55,427)"	"(15,705)"	"(3,585)"	"(5,325)"	222	"2015-03-31 18:34:05.707322"	"2015-03-31 18:34:05.707322"
293	"YouNow: Broadcast, Chat and Watch Live Video"	"United States"	"3.8"	"137"	"3.5"	"137"	"(77)"	"(14)"	"(9)"	"(18)"	"(19)"	"(2,377)"	"(556)"	"(512)"	"(371)"	"(1,163)"	225	"2015-03-31 18:34:16.749762"	"2015-03-31 18:34:16.749762"
294	"DoubleUCasino"	"United States"	"4.4"	"282"	"4.6"	"282"	"(199)"	"(39)"	"(12)"	"(11)"	"(21)"	"(8,059)"	"(1,790)"	"(478)"	"(205)"	"(374)"	228	"2015-03-31 18:34:27.669340"	"2015-03-31 18:34:27.669340"
295	"War of Nations™"	"United States"	"4.2"	"42"	"4.0"	"42"	"(25)"	"(7)"	"(5)"	"(2)"	"(3)"	"(6,083)"	"(1,901)"	"(970)"	"(550)"	"(1,344)"	231	"2015-03-31 18:34:38.797261"	"2015-03-31 18:34:38.797261"
296	"eHarmony"	"United States"	"1.5"	"154"	"2.9"	"154"	"(9)"	"(4)"	"(6)"	"(12)"	"(123)"	"(1,876)"	"(1,839)"	"(1,257)"	"(955)"	"(2,656)"	234	"2015-03-31 18:34:49.740624"	"2015-03-31 18:34:49.740624"
297	"Sing! Karaoke by Smule"	"United States"	"4.4"	"22"	"4.6"	"22"	"(13)"	"(6)"	"(2)"	"(0)"	"(1)"	"(61,495)"	"(8,583)"	"(3,744)"	"(1,729)"	"(3,575)"	237	"2015-03-31 18:35:00.925117"	"2015-03-31 18:35:00.925117"
298	"Slots™"	"United States"	"4.3"	"2,025"	"4.4"	"2,025"	"(1,359)"	"(309)"	"(161)"	"(88)"	"(108)"	"(36,179)"	"(8,995)"	"(3,644)"	"(1,800)"	"(2,798)"	240	"2015-03-31 18:35:12.083792"	"2015-03-31 18:35:12.083792"
299	"Kingdoms of Camelot: Battle for the North ®"	"United States"	"3.0"	"18"	"3.9"	"18"	"(7)"	"(2)"	"(1)"	"(0)"	"(8)"	"(9,412)"	"(2,164)"	"(927)"	"(632)"	"(2,881)"	243	"2015-03-31 18:35:23.298657"	"2015-03-31 18:35:23.298657"
300	"Battle Camp"	"United States"	"4.0"	"192"	"4.1"	"192"	"(118)"	"(20)"	"(15)"	"(8)"	"(31)"	"(5,358)"	"(1,274)"	"(650)"	"(400)"	"(936)"	246	"2015-03-31 18:35:34.379539"	"2015-03-31 18:35:34.379539"
301	"Underworld Empire"	"United States"	"4.5"	"80"	"4.6"	"80"	"(56)"	"(12)"	"(7)"	"(2)"	"(3)"	"(13,626)"	"(2,733)"	"(712)"	"(214)"	"(590)"	249	"2015-03-31 18:35:45.390706"	"2015-03-31 18:35:45.390706"
302	"Slots - Pharaoh's Way"	"United States"	"4.0"	"133"	"4.4"	"133"	"(68)"	"(26)"	"(20)"	"(9)"	"(10)"	"(42,201)"	"(10,642)"	"(4,508)"	"(2,082)"	"(2,494)"	252	"2015-03-31 18:35:56.446145"	"2015-03-31 18:35:56.446145"
303	"Kill Shot"	"United States"	"4.5"	"3,106"	"4.5"	"3,106"	"(2,106)"	"(633)"	"(214)"	"(78)"	"(75)"	"(18,030)"	"(5,470)"	"(1,600)"	"(544)"	"(709)"	255	"2015-03-31 18:36:08.010527"	"2015-03-31 18:36:08.010527"
304	"Grindr Xtra - Gay, same sex, bi, social network to chat and meet guys"	"United States"	"2.4"	"18"	"2.8"	"18"	"(4)"	"(1)"	"(2)"	"(3)"	"(8)"	"(5,907)"	"(2,969)"	"(2,606)"	"(2,227)"	"(8,112)"	258	"2015-03-31 18:36:20.348974"	"2015-03-31 18:36:20.348974"
305	"Deer Hunter 2014"	"United States"	"4.0"	"512"	"4.3"	"512"	"(291)"	"(91)"	"(43)"	"(29)"	"(58)"	"(108,807)"	"(27,571)"	"(10,775)"	"(5,535)"	"(10,073)"	261	"2015-03-31 18:36:36.690582"	"2015-03-31 18:36:36.690582"
306	"Tinder"	"United States"	"1.8"	"10,124"	"3.6"	"10,124"	"(1,080)"	"(600)"	"(633)"	"(475)"	"(7,336)"	"(33,694)"	"(20,985)"	"(10,512)"	"(3,931)"	"(16,241)"	264	"2015-03-31 18:36:47.720935"	"2015-03-31 18:36:47.720935"
307	"Sniper 3D Assassin: Shoot to Kill - by Fun Games For Free"	"United States"	"4.8"	"56,478"	"4.8"	"56,478"	"(49,482)"	"(3,929)"	"(1,477)"	"(851)"	"(739)"	"(88,412)"	"(7,049)"	"(2,533)"	"(1,393)"	"(1,232)"	267	"2015-03-31 18:36:58.652133"	"2015-03-31 18:36:58.652133"
308	"CSR Racing"	"United States"	"4.5"	"1,833"	"4.6"	"1,833"	"(1,323)"	"(249)"	"(115)"	"(70)"	"(76)"	"(496,770)"	"(103,804)"	"(29,035)"	"(10,300)"	"(13,129)"	270	"2015-03-31 18:37:09.660844"	"2015-03-31 18:37:09.660844"
309	"Bejeweled Blitz"	"United States"	"3.7"	"525"	"4.2"	"525"	"(227)"	"(105)"	"(63)"	"(56)"	"(74)"	"(107,703)"	"(33,876)"	"(17,596)"	"(8,693)"	"(14,578)"	273	"2015-03-31 18:37:20.752674"	"2015-03-31 18:37:20.752674"
310	"Bingo!™"	"United States"	"4.5"	"3,269"	"4.5"	"3,269"	"(2,266)"	"(555)"	"(234)"	"(104)"	"(110)"	"(36,229)"	"(8,782)"	"(3,266)"	"(1,298)"	"(1,462)"	276	"2015-03-31 18:37:31.645671"	"2015-03-31 18:37:31.645671"
311	"Angry Birds Stella POP!"	"United States"	"4.3"	"336"	"4.2"	"336"	"(216)"	"(65)"	"(21)"	"(16)"	"(18)"	"(1,141)"	"(411)"	"(160)"	"(116)"	"(143)"	279	"2015-03-31 18:37:42.568612"	"2015-03-31 18:37:42.568612"
312	"Age of Warring Empire"	"United States"	"3.3"	"14"	"4.2"	"14"	"(5)"	"(1)"	"(4)"	"(1)"	"(3)"	"(2,501)"	"(558)"	"(188)"	"(95)"	"(397)"	282	"2015-03-31 18:37:53.807525"	"2015-03-31 18:37:53.807525"
313	"Pixel Gun 3D"	"United States"	"4.3"	"1,363"	"4.6"	"1,363"	"(955)"	"(170)"	"(73)"	"(56)"	"(109)"	"(131,372)"	"(16,215)"	"(6,542)"	"(3,548)"	"(6,874)"	285	"2015-03-31 18:38:04.857915"	"2015-03-31 18:38:04.857915"
314	"Enlight"	"United States"	"4.7"	"629"	"4.7"	"629"	"(528)"	"(49)"	"(22)"	"(14)"	"(16)"	"(623)"	"(54)"	"(26)"	"(16)"	"(21)"	288	"2015-03-31 18:38:15.764596"	"2015-03-31 18:38:15.764596"
315	"Marvel Puzzle Quest"	"United States"	"4.4"	"258"	"4.2"	"258"	"(163)"	"(60)"	"(16)"	"(9)"	"(10)"	"(6,282)"	"(2,053)"	"(582)"	"(387)"	"(928)"	291	"2015-03-31 18:38:27.188879"	"2015-03-31 18:38:27.188879"
316	"Knights & Dragons - Epic Action RPG"	"United States"	"4.3"	"148"	"4.6"	"148"	"(94)"	"(30)"	"(11)"	"(3)"	"(10)"	"(33,434)"	"(6,006)"	"(1,757)"	"(654)"	"(1,341)"	294	"2015-03-31 18:38:38.340970"	"2015-03-31 18:38:38.340970"
317	"Magic Piano by Smule"	"United States"	"3.8"	"381"	"4.3"	"381"	"(188)"	"(65)"	"(41)"	"(34)"	"(53)"	"(70,080)"	"(19,675)"	"(8,118)"	"(4,262)"	"(6,881)"	297	"2015-03-31 18:38:49.887796"	"2015-03-31 18:38:49.887796"
318	"Caesars Slots"	"United States"	"4.1"	"156"	"4.0"	"156"	"(101)"	"(22)"	"(5)"	"(5)"	"(23)"	"(3,554)"	"(1,130)"	"(541)"	"(332)"	"(765)"	300	"2015-03-31 18:39:00.849148"	"2015-03-31 18:39:00.849148"
